"label","headline"
"0"," UP summa grad mula sa Marawi echoes call for peace"
"1"," MAGHAKA BA ANG TUNAY NA DEMOCRATIC VICE PRESIDENTIAL CANDIDATE?"
"1"," WATCH: Isang Motorcade Rally ang Idinaos na Humiling kay De Lima na Magbitiw Bilang Senador!"
"1"," Inilabas ng NBI ang Mga Paunang Natuklasan Sa Pag-hack Ng Mga Social Media Account ni Senator Bam Aquino"
"1"," 'LET IT GO' MULA SA 'FROZEN' BUMALIK SA ITAAS NG CHARTS, SALAMAT KAY MANNY PACQUIAO"
"0"," Nagsampa ng graft charges ang NBI laban sa mga kawani ng NPO dahil sa mga private work order"
"0"," Gawing transparent ang pagboto ng CA ‚Äì Robredo"
"0"," IN THE KNOW: Supertyphoon 'Yolanda'"
"1"," SAN FRANCISCO IPINAGBAWAL ANG DEER NA TUMAWID sa GOLDEN GATE BRIDGE"
"1"," HINDI OPISYAL NA ANNOUCEMENT NG MALACA√ëANG: 5-DAY HOLIDAY SA PAPAL VISIT SA PILIPINAS"
"0"," Itinalaga ang mga bagong deputy chief ng BuCor"
"1"," Inaprubahan ng SEC ang Rappler-Adobo Chronicles Merger"
"1"," Bakit Nabigo ang Pagbabago mula sa Loob ng System"
"1"," The Gods And Demons Of The Lemming: A Fable About Idolatry"
"1"," AQUINO, ROXAS, MAKIPAGKITA KAY DONALD TRUMP UPANG PAGTALAKAY SA ISYU NG MAMAMAYAN SI SENADOR POE"
"0"," Hinihiling ni dating Palawan Gov. Joel Reyes na ibasura ang kaso ng fertilizer scam"
"1"," (VIDEO) SA BUONG AMERIKA, GINAGAWA NG MGA TAO ANG CHICKEN DANCE, THANKS TO BEYONCE"
"0"," Rody tells Leni: Gusto ko ng hiwalay na inagurasyon"
"1"," PILIPINAS: NAGLABAS NA NG ILANG ROMANTIC COUPLES ANG SONA"
"1"," Duterte on De Lima: 'Nagsimula ang shabu sa Bilibid noong panahon niya'"
"1"," POPE, HUMINGI NG BALUT PARA SA UNANG HAPUNAN SA PILIPINAS"
"1","Ang mga social media 'influencers' ng Pilipinas ay may kakulangan sa pag-iisip upang harapin ang mga pambansang isyu"
"0"," Kulang pa ng P1.4M si Leni sa kanyang poll protest dues"
"1"," MAPOTONG ITINANGGI NG NORWAY ANG PAG-Alok ng PILIPINO NG GOBYERNO NG FINANCIAL AID SA FILIPINO-NORWEGIAN OLYMPIC FIGURE SKATER"
"0"," Hinimok ng gobyerno na kumilos sa presyo, sahod"
"0"," Exorcise 'multo' from trial, Bong Revilla asks"
"1"," FACEBOOK, TWITTER UPANG TANGGALIN ANG MGA HASHTAG (#)"
"1"," Iboboto ng Amerikanong ito si Duterte kung kaya ko, at narito ang tatlong dahilan kung bakit..."
"0"," Kinuha ba ang mga labi ni Marcos mula sa mausoleum sa isang libreng konsiyerto?"
"1"," Hindi sapat na motivator ang #kahirapan at #gutom para magbago ang mga #Pilipino"
"1"," Nais ng NAIA ng Maynila na Mabawi ang Pamagat Nito Bilang Pinakamasamang Paliparan sa Mundo"
"0"," Nagluto rin ng raket ng sibuyas ang kartel ng bawang‚Äîulat ng DOJ"
"0"," Embattled Spanish PM na haharapin ang no-confidence vote ngayong linggo"
"0"," Ang dismissal ng Camarines Norte gov ay pinatigil ng CA"
"1"," Inilabas ng Kagawaran ng Turismo ng Pilipinas ang Bagong Promo Slogan, Isang Double Entender"
"0"," Binawi ng Palasyo ang amnestiya ni Trillanes"
"1"," Nahuli ang UP Student kasama ang mga miyembro ng teroristang NPA sa Negros Island"
"0"," Araw ng Kalayaan ng Republika ng Equatorial Guinea"
"1"," Nais Ngayon ni Donald Trump na Magtayo ng Border Wall sa Pagitan ng US at Canada"
"0"," IN THE KNOW: Quick Response Funds"
"0"," Ang mga kumpanya ng langis ay nagpapataw ng mabigat na pagtaas ng presyo"
"0"," Magsagawa, magreporma, magbago para sa Bagong Taon"
"0"," Mas mahigpit na mga pagsusuri sa imigrasyon sa lahat ng entry point na iniutos"
"0"," Binatikos ng komunidad ng UP ang alok ng board of regents"
"0"," Maaaring i-snub ni Duterte ang kanyang koronasyon, o gagawin niya?"
"0"," Ang mahinang diyeta ay nagpapaantala sa pagbubuntis, pinipigilan ang pagkamayabong - pag-aaral"
"1"," Tatlong OFW sa Saipan, natagpuang patay sa loob ng imburnal"
"0"," Dalawang mahistrado ng SC ang sumama kay Duterte"
"1"," Itinalaga si Miss Universe Pia Wurtzbach sa Gabinete ni Pangulong Duterte"
"0"," Dumating si Trump para makipag-usap sa pinuno ng Palestinian sa Bethlehem"
"1"," WATCH: Nagningning si PNP Chief Dela Rosa sa It's Showtime"
"1"," Dutertenews, May-akda sa NewsToday"
"0"," Ang kaso ng Kavanaugh ay lumaganap habang inihahanda ng DeVos ang panuntunan sa sekswal na pag-atake"
"1"," Aware ba ang DAD ni @MrFrankBaraan sa sinasabing drug links ni Leila De Lima? üò±"
"0"," Paggawa ng kapayapaan sa Peninsula; mga unang taon ng globalisasyon"
"1"," Netizen writes open letter to Sen. Rubio after meeting with Sen. Trillanes: ""Only a moron can be fooled by a fool."""
"0"," Nanalo ang Bulacan sa pinakamahusay na LGU sa coop dev't"
"0"," Ano ang nagtutulak sa kanila na maghanap ng VP post?"
"0"," Malamang na ninuno ng misteryong 'hobbit' ang natagpuan"
"0"," Buwan: Ang relasyon sa US 'rock solid'"
"0"," Inilabas ng DoH ang P8.1-B na maanomalyang proyekto"
"1","Inihayag ng mga dokumento ng CIA ang ulat ng balita na humiling si Cory Aquino ng airstrike mula sa US para patayin ang mga sundalo laban sa kanyang gobyerno"
"1"," Nagprotesta ang mga Estudyante ng UP Hiniling na Magbayad ng Gobyerno"
"0"," Brillantes: Panatilihin si Grace Poe sa balota; pwede pa siyang pumunta sa SC"
"1"," Rudy Giuliani: Babae Sa Larawan Ay Isang Hillary Body Double"
"1","Breaking: Papabilisin ni Pope Francis ang pagiging Santo ni Cory Aquino"
"1"," 10% ng mga obispo at pari ng pilipino ay sumang-ayon sa pinakahuling pahayag ni Pope Francis sa homosexuality"
"1"," Ang galit ni Senator Lacson sa baboy ang dahilan kung bakit may libreng tuition sa lahat ng SUC sa susunod na taon"
"0"," Nagulat si Lacson na walang sumpa na Sona"
"1"," Naabot ang Kompromiso: Kontrobersyal na Torre De Manila Construction Resumes"
"0"," Ipinagtanggol ng mga Mabilog ang 'white house'"
"1","Oras na ba ang mga Pilipino na huminto sa paggawa ng throwbacks sa administrasyon ni Noynoy Aquino?"
"1","BABALA BASAG TRIP! Pelikulang Pilipino Nagbubunyag ng Sikreto: Paano Gumawa ng Pekeng Boobs"
"0"," Matapos matugunan ang pagkaantala, lumipad si Rosenstein kasama si Trump sa AF1"
"0"," Iniimbestigahan ng Palasyo ang mga mayayamang biyahe ng mga opisyal ng ERC"
"0"," Bulacan 1st runner-up sa ATOP-DOT Pearl Awards"
"0"," Nagkaproblema si 'Juana Change' sa pagsusuot ng uniporme ng Army"
"1"," GUSTO NI ANN COULTER NA MA-SCRAPPED ANG NATIONAL SPELLING BEE"
"0"," Trump na laktawan ang South America, ipapadala si Pence"
"0"," Fox's parting shot: Huwag manahimik sa gitna ng mga pang-aabuso"
"0"," VACC, nagsampa ng kaso sa halalan VS Aquino, nanawagan ng pakana ng kampanya sa programa ng bakuna"
"0"," Iba-iba ang reaksyon ng pagbasura ni Duterte sa mga quota sa pag-import ng bigas"
"1"," WATCH: Ano ang nangyari ilang segundo bago harapin ni Sass ang BBC?"
"0"," Inilalagay ng DOH ang mga Ospital sa Code White"
"1"," Ang Paulit-ulit na Bangungot ni Steve Harvey"
"0"," Butuan brgy chairman, pinatay"
"1"," Pagdinig sa Mamasapano: Sinira ni Pangulong Noynoy Aquino ang chain of command na may kalunus-lunos na resulta"
"1"," Tinatanggihan ng Trump Properties ang Mga Banyo na Neutral sa Kasarian"
"1"," Inamin ng babae na sinanay siya ng kampo ni Sen. Trillanes para tumestigo laban kay Pangulong Duterte sa International Criminal Court"
"1"," Kailangang matutunan ng news media na harapin ang kabastusan ni Duterte"
"0"," Hinihimok ng mga obispo na imbestigahan ang mga pagpatay sa 'lumad'"
"0"," DOT asks BI: Pagaan ang proseso ng visa para sa mga turista"
"0"," Rosenstein, Wray mukha galit House Republicans sa pagdinig"
"0"," Top narc busted: Sabihin mong hindi, Col. Marcelino"
"0"," Kinondena ng 5 senador ang pagpatay sa presidente ng unibersidad sa CDO"
"1"," TAIWAN'S TOFU, DURIAN EXPORT BIGLANG SKYROCKET"
"0"," Hold order na inisyu kumpara sa party list lawmaker"
"0"," Naghahain ang La Trinidad ng higanteng veggie salad"
"0"," Para sa gurong ito, ang isang silid-aralan ay maaaring isang kapilya o sementeryo"
"0"," Pabor ang mga Maranao sa kampo ng AFP sa Marawi"
"1"," Kung Paano Sinisira ng mga Tubong Duterte Supporters ang Sariling Kandidato"
"1"," Kalihim ng Komunikasyon ng Pangulo ng Pilipinas: 'Narito na ang Ikalawang Pagdating!'"
"0"," Ang grupo ng mga pribadong paaralan ay nagpapahayag ng mga alalahanin sa suweldo, subsidy"
"1"," Traffic at brownout! Ang NYT ay nagpinta ng kapahamakan at kadiliman sa #Philippines habang lumalawak ang agwat sa imprastraktura!"
"0"," Umabot sa 72 ang mga pagpatay na may kinalaman sa droga mula noong Hunyo 30"
"1"," Isinalaysay ng #Pilipino old-timer ang paglustay ng #Philippines' head start"
"1"," Ang Bongbong Camp ay nagpapakita ng patunay na ang mga ebidensyang nakuha mula sa SC, Leni Camp ay nananatiling tahimik"
"1"," Inilantad ni DLSU Prof. Antonio Contreras ang pagkukunwari ng anti-Marcos crowd"
"0"," Junjun Binay P25M loan na hindi pa nababayaran, 25x na ni-renew"
"1"," Bakit nangingibabaw pa rin ang idiotic na slogan na ‚ÄúLaban‚Äù sa Philippine Opposition retorika"
"0"," Inamin ni Mayor ang nakaraan bilang gumagamit ng ilegal na droga"
"1"," Isang Honorary Doctoral Degree ang Iginawad ng UP Kay NoyNoy Aquino"
"1"," Nagbanta si Duterte na ilalabas ang transcript ng tawag sa telepono ni Loida Nicolas Lewis tungkol sa plano ng ICC laban sa kanya"
"0"," Nagsusulat ng mga liham ang mga bata na nagpapasalamat sa mga tropa sa Marawi"
"0"," Ipinagbawal ng Poland ang aktibistang Ukraine mula sa Europa, na nagtatanong"
"1"," Ang Pinakabagong Mga Numero: Si Donald Trump ay Nanalo Kay Hillary Clinton, 52-0!"
"0","Isususpinde ng British Airways ang mga flight sa pagitan ng London, Tehran bilang 'hindi mabubuhay sa komersyo'"
"1"," MALAPIT NA SA DINNER TABLE : GENETICALLY MODIFIED LECHON"
"1"," Bagong Pasabog ng WAC! Isiniwalat kung paano ginamit nila Aquino ,Roxas at iba pa ang DAP para sa 2016 Election!"
"1"," Aquino Itinanggi ang Akusasyon ni Duterte sa Mamasapano Massacre"
"0"," Ang pandarambong ay hindi kasama sa parusang kamatayan"
"1"," Si Jover Laurio ng PAB ay Umalis sa PH, Nag-apply Para sa Political Asylum Sa Netherlands"
"0"," Reklamo ni Digong: Lagi akong na-out of context"
"1"," Bakit Kinansela ni Obama ang Pagpupulong kay Pangulong Duterte ng Pilipinas"
"1"," #PiliPinasDebates2016 kinalabasan: Mar Roxas ang malinaw na natalo sa 2016 Philippine presidential debate"
"0"," Rein in your Cabinet, watch your language, Ramos tells Duterte"
"1"," BASAHIN: Humingi ng tawad si Taguba kay Paolo Duterte"
"1","Inaresto ang ikalawang suspek sa likod ng brutal na pagpatay kay Joanna Demafelis, posibleng maharap sa kamatayan sa pamamagitan ng pagbibigti"
"0"," 'Siya ay may kakayahang umunawa tulad ng isang propeta'"
"1"," Nais ng mga mambabatas ng 100,000 pesos na multa para sa mga taong hindi kakanta ng ‚ÄúLupang Hinirang‚Äù nang maayos"
"0"," Nais ng PNP chief na mag-intern ang mga kadete sa paaralan ng SAF"
"0"," Mga batayan para sa pagtanggi sa petisyon para sa legal na paghihiwalay"
"0"," Nakahanda si Duterte sa EO kung hindi maipasa ng Kongreso ang BBL"
"0"," Pinatay ng mga pulis ng Indonesia ang anim na militanteng Islam"
"0"," Sinabi ng MILF: Alisin ang iyong teritoryo ng mga terorista"
"0"," Nagsampa ng reklamo sa etika si dating Customs chief Faeldon laban kay Lacson"
"1"," Ang petisyon laban kay Ferdinand Marcos na burol sa LNMB ay mabibigo sa purong legal na batayan"
"0"," Kasunduang pangkapayapaan na malamang bago ang 2019, nagbabala ang mga rebeldeng komunista"
"1"," PILIPINAS' PRESIDENT AQUINO, ANG DAKILANG STATISTICIAN"
"0"," Iminungkahi ng Benham Rise development body"
"1"," Pilipinas: Nag-impake ang Mga Bapor na Pandigma ng US, Nakikitang Naglo-load ng mga Crates Ng Balikbayan Boxes"
"1"," PILIPINAS PATALIGING KAPITALISTANG REPUBLIKA NG SAN MIGUEL"
"0"," Shoot order ay natakot sa alkalde ng Leyte"
"1"," Kat de Castro slams Duterte's Haters: ‚ÄúIf you think you can do better than the President, takbo kayo sa 2022 ha?‚Äù"
"0"," Hiniling ng DOJ na imbestigahan ang mga buwis sa pagmimina ng backer ng LP"
"0"," Ang mga manggagawa sa pangangalagang pangkalusugan ay madaling kapitan ng pag-atake - UN"
"1"," The election-winning path FORWARD for the Philippine Opposition"
"1"," INAakusahan ni TIMOTHY BRADLEY ANG NANAY NI MANNY PACQUIAO NG VOODOOISM"
"1"," Baron Geisler, na maging endorser ng Ace Hardware dahil sa usong Suntukan sa Ace Hardware"
"1"," Bakit patuloy na ibinoboto ng mga Pilipino ang mga tanga tulad ni 'senator' Antonio Trillanes"
"1"," Nakilala ni Duterte ang batang ASG na kinidnap na biktima sa Malaca√±an"
"0"," P470-M na proyekto para sa pinakamahusay na gumaganap na mga LGU"
"0"," Ang website ng ICRC ay tumutulong sa muling pagsasama-sama ng mga pamilyang nahati sa krisis sa Marawi"
"1"," Former UP Socius president writes open letter to fake feminist: Sa halip na hiyain mo si Mocha, bakit hindi mo siya hikayatin at suportahan?"
"0"," DBM maglalabas ng P490M para sa Boracay road rehab"
"0"," Naghanda si Duterte na maghintay ng isang taon para matapos ang krisis sa Marawi"
"0"," Pinalawig ng Taiwan ang visa-free privilege para sa mga Pilipino"
"0"," Mar, nabigo ang LP na maghain ng ulat ng gastos"
"0"," Aquino, Roxas, Gabinete para bisitahin ang puntod ni Robredo"
"0"," Sino ang takot kay Espenido? Hindi ang mayor ng bayan ng Cebu"
"1"," PANOORIN! NAPANGANGA ang kanilang LIDER ng ASEAN sa kagandahan ni First Lady Honeylet Avance√±a"
"0"," Palasyo nagdeklara ng 'digmaan' laban sa mga smuggler ng bigas"
"0"," Nagtakda ang JBC ng panayam para sa 5 aspirante ng SC"
"1"," Nagbabagang balita! :VP Leni Robredo binatikos ng mga senado ang paglegal daw ng droga sa pilipinas ay ang kanyang matuwid na daan!"
"0"," Pagkatapos ng surge, medyo bumaba ang presyo ng gasolina"
"1"," Pinagbawalan? Ginoong Lingao, matuto tayo kay Carlos Celdran"
"0","Pinaplano ng mga Chinese investor ang proyektong pabahay sa Cebu"
"1"," Aquino To Duterte: Please Make Me Caretaker Of Malaca√±ang"
"1"," Ang pambansang kahusayan sa #sports ay sumasalamin sa pambansang katangian"
"1"," Bam Aquino, Ang Pag-aalis ng NFA Council ay Makakaapekto sa Kita Ng Mga Miyembro ng Konseho"
"0"," COA questions dormant 'Araw ng Dabaw' account"
"0"," Pabor ang mga magsasaka ng Ilokano sa two-tier cigar tax hike"
"0"," Nagbabala ang mga manlalakbay sa dagat: Maging alerto habang masama ang panahon"
"0"," IN THE KNOW: Anti-Hospital Deposit Law"
"1"," Ano ang maaaring pag-usapan ni Duterte kay Leni Robredo sa hapunan"
"0","Sinabi ni Aguirre na hindi tao ang mga kriminal, tinututulan ang ulat ng Amnesty International"
"0"," Tumaas ang kaso ng dengue sa unang kalahati ng taon"
"1"," Hindi ligtas ang mga Pilipino habang nasa poder ang kasalukuyang VP Leni Robredo"
"1"," Itinataguyod ni Duterte ang malusog na nasyonalismo na maghahatid sa mga Pilipino sa tamang landas"
"1"," JUSTIN BIEBER AY MAGHAHANAP NG ASYLUM SA SAN FRANCISCO PAGKATAPOS NG CONCERTS SA CALIFORNIA"
"1"," Sapat na kaya sa mga Millennial ang susunod na anti-Duterte rally?"
"0"," Bubuo ang DA ng task force para sa palitan ng binhi ng palay"
"1"," Ang mga Filipino Scientist ay Nag-imbento ng Gene Therapy na Makapagpapagaling sa Katangahan"
"0"," Ang Valenzuela City ay nakakuha ng 4 na parangal noong Hulyo"
"1","PRESIDENT AQUINO: ‚ÄúOPISYAL NA NGAYON ANG PILIPINAS ISANG MAYAMAN NA BANSA‚Äù"
"0"," Binay naghain ng panukalang batas para protektahan ang kababaihan"
"0"," Shades of Castroism"
"1","Pinuri ng mga netizens ang administrasyong Tugade at Duterte para sa napakalaking pagpapabuti sa NAIA sa loob lamang ng 3 buwan"
"0"," Mga importer sa PPA: Tanggihan ang 25% pagtaas ng taripa"
"1"," Naglalaro ng DOTA si ‚ÄúMar Roxas‚Äù."
"1"," MAGPAPAHAYAG ANG CNN NG FINAL BROADCAST SA 5 PM SA HUNYO 1, 2015 (VIDEO)"
"0"," National ID system"
"1"," Nabigo ang isang paslit na tao sa pagbuo ng isang kagalang-galang na #demokrasya"
"1"," Iminungkahi ni Congresswoman Roman ang Pagbabago sa National ID Bill"
"1"," Mali ang pag-twerking sa live na TV"
"1","Nangako si Duterte ng libreng irigasyon para sa mga magsasaka"
"1"," Ninanakawan ng Mga Espesyal na Piyesta Opisyal ng Pilipinas ang Mga Manggagawa ng Kanilang Sahod"
"1"," Bakit hindi magiging magaling na pangulo ng #Philippines si Bongbong Marcos"
"1"," Tapos na ang lahat: Sinapian na ng China ang Pilipinas"
"0"," Binatikos ng NPA ang 'military harassment' sa DavOr"
"0"," 'Hindi sa casino, oo sa reporma sa lupa sa Boracay Island'"
"1"," Sa Kanyang Sariling Salita: Ipinahayag ni Barack Obama ang Kanyang Pinili Para sa Pangulo"
"1"," MICHELE BACHMANN IMINUMUNGKA NA LUMIKHA NG 51ST US STATE PARA SA AMERICAN EXPATRIATES"
"0"," Kinasuhan ng punong botohan ang asawa"
"1"," Ang PNCC sa ilalim ng pamamahala ng Malaca√±ang kahit na nag-aalangan si PNoy sa maling pamamahala nito"
"1"," GUSTO NI PHILIPPINE PRESIDENT AQUINO NA MULI ANG INTERNATIONAL AIRPORT NG MAYNILA SA MGA PINAKA MASAMA SA MUNDO"
"0"," Maaaring tingnan ng Senado ang pagbasura ng DOJ sa mga singil sa droga, sabi ni Gordon"
"1"," Kumakalat sa internet ang alleged Musically Queen scandal"
"1"," Netizens slams Pia Ranada over ‚ÄúMahirap talaga kapag matanda na‚Äù tweet"
"0"," Ang unang taon ng pagbebenta ng marijuana sa Nevada ay lumampas sa mga inaasahan"
"1"," PHILIPPINE VP JOJO BINAY TO DElivery TSONA"
"1"," Naglo-lobby ba ang US sa international community para i-pressure ang #Philippines sa pagpasa ng #Bangsamoro Basic Law?"
"0","Namuhunan ang PH ng P10B para sa Apec meet"
"1"," Hiniling ng Babae sa St. Peter Funeral Service na I-cremate ang Mister ng Mister na Buhay"
"0"," Ditch Escudero, payo ni Osme√±a kay Poe"
"1","MALAKING WELCOME, TICKER TAPE PARADE AT TAX RECEIPT NA NAGHIHINTAY SA MGA GRAND WINNER NG ‚ÄúASIA'S GOT TALENT‚Äù"
"0"," Niregaluhan si Pia ng bamboo cocktail dress"
"1"," DE LIMA NAGPADALA NG SULAT SA UN PARA PA-IMBESTIGAHAN SI DUTERTE!"
"0"," Walang Holy Week break para sa mga terorista"
"1","ANG MGA BOTO AY SA: TOP TEN, TOP FIVE SA MISS UNIVERSE PAGEANT"
"1"," Sinisi ni Donald Trump si Sarah Palin Para sa Kanyang Pangalawang Pagtapos sa Iowa Caucuses"
"0","Isinara ng mga sagupaan ang highway"
"0"," Sinimulan ng mga pulis ang ballistic test sa mga baril ng mayor"
"1"," Sa Nangungunang Balita Ngayon: Mga Milyonaryo At Bilyonaryo"
"1"," 2 Kaibigan noong ika-9 ng Mayo sina Roxas, Poe, Duterte, BBM, at Robredo"
"1"," WATCH: Hinimok si De Lima ng mambabatas na kusang magbitiw sa puwesto o mapatalsik matapos ang pagbubunyag ni Dayan"
"0"," 4 na dating militar na pinangalanan sa mga nangungunang posisyon sa Customs"
"1"," ANG PILIPINAS AY NAGLABAS NG BAGONG AMBISYONG TOURISM CAMPAIGN"
"1"," Gennifer Flowers, Pia Alonzo Wurtzbach na Magkaroon ng Mga Upuan sa Pangharap na Row Sa panahon ng Debate ng Trump-Clinton"
"1"," Itinakda ng Departamento ng Estado ng US na Kanselahin ang Pasaporte ni Donald Trump Dahil sa Mga Hindi Nabayarang Buwis"
"0"," Idemanda mo ako, naglakas-loob si Bello sa mga nag-aakusa"
"0"," Naghain ang Kamara ng 3rd case laban kay De Lima sa Senado"
"1"," NATUKLASAN NG STANFORD SCIENTIST ANG LUNAS PARA SA SELFITIS"
"0","Mawawalan si Poe ng LP perks kapag umalis siya sa administrasyon, sabi ng mambabatas ng LP"
"0"," Nahuli ang pinaghihinalaang pangkat ng Aussie human trafficker"
"0"," Pakiramdam ng Japan ay nahuhuli sa digitalization"
"0"," COA scores Olongapo for P159-M collection failure"
"0"," Holiday leave: Iminumungkahi ng gobyerno ang staycation para maiwasan ang bagyo"
"1"," ANONG SASASABI NI ARNOLD SCHWARZENEGGER SA MGA TATANGGALIN SA 'CELEBRITY APPRENTICE'"
"0"," Sinusuportahan ng abogado ng Pangulo ang paghahanap sa kulungan ng Cebu"
"0"," S. Cotabato na magpatupad ng mga dev't program para sa mga komunidad ng IPs"
"1","NoyNoy Aquino, Mar Roxas Inakusahan Si Philippine VP Leni Robredo Ng Pagiging Star Fruit"
"1"," REN√âE ZELLWEGER IYAK SEXISMO SA REAKSYON SA BAGONG TINGIN NIYA"
"0"," Ang mga pagsususpinde ay nag-udyok sa panawagan ng mga pinuno ng Kamara para sa caucus"
"0"," Malapit nang iendorso ni Aquino si Roxas bilang kanyang anointed"
"1"," Sinusuri ng Adobo Chronicles ang Mga Pagsasalin sa Facebook"
"0"," Draft Senate report ay sumusuporta sa plunder raps laban sa mga Binay"
"1"," Umalis ang 300,000 Duterte Supporters sa Luneta Rally na Walang Basura"
"1","WALANG 'DYKES ON BIKES' SA SAN FRANCISCO PRIDE PARADE NGAYONG TAONG ITO"
"0"," Ang apoy sa tindahan ng Cebu ay masusunog sa loob ng 3 araw"
"1"," Ang Batangas Gubernatorial Bet ng LP na si Mark Leviste ay nahuli sa Pekeng Pulse Asia Survey"
"0"," 'Rebolusyon' sa pabahay: DOST ay kumukuha ng kumpanya para sa bagong prefab na teknolohiya"
"1"," Maaaring hindi pinapayagan ang bata na dumalo sa seremonya ng pagtatapos dahil sa hindi siya nakadalo sa mga kasanayan sa pagtatapos"
"1"," ITINUTUKOD NG MGA REPUBLIKA ANG PAGHATI SA CALIFORNIA SA ANIM NA ESTADO AT IMINUMUNGKA ANG IKAPITO"
"0"," 168 bagong opisyal na sasapi sa Army"
"1"," Maria Lourdes Sereno: Isang Pagkakamali Ang Sumang-ayon sa Isang Panayam kay Stephen Sackur ng BBC"
"1"," ‚ÄúHindi kailangan ng PH ng tulong mula sa ibang bansa dahil sa sapat na pondo at hindi tiwaling gobyerno‚Äù Paliwanag ng DSWD"
"0"," Marcos casket ready for Libingan"
"0"," Nagbabala ang DSWD laban sa mga pekeng enumerator"
"0"," Nabubuo ang desperasyon para sa mga taga-Marawi"
"1"," Ipinagbawal ng mga Obispo Katoliko ng Pilipinas ang mga Halloween Party"
"0"," Ini-blacklist ng POEA ang Kuwaiti blogger"
"1"," WATCH: Binuksan ni Duterte ang napakalaking Rehab Facility"
"0"," Ang mga pinuno ng Simbahan ay nananalangin, nanawagan para sa pagkakaisa, kapayapaan, pag-asa"
"1"," The Duterte-Trillanes #BangkoSerye ‚Äì Trillanes Talks ‚Äì Ep. 1, Abr. 27"
"0"," Walang press secretary para kay President Rody"
"1"," MGA DEMOKRATONG PINAGGANYAANG ANG KAMPANYA NG PRESIDENTAL NI DONALD TRUMP"
"0"," Dumarating ang tag-araw na ulan sa Mindanao"
"1"," Duterte Nag-alok ng Post sa Malaca√±ang Sa Kritiko na si Carlos Celdran"
"1"," KRIS AQUINO NA PINANGALAN BILANG CO-HOST NG MISS USA PAGEANT"
"0"," Nakakuha ang WesCom ng bagong kumander"
"0"," Ang DOST S&T expo sa CLSU ay nakatakda sa Hulyo 25-27"
"1"," SENADOR NG PILIPINAS NAIS PALITAN ANG NATIONAL SYMBOL MULA EAGLE TO TIGER"
"1"," #KanTalk kasama si Sass at TP: Gabay sa Episode at Mga Link sa Pag-download"
"1"," NATIONAL COSTUME NI MISS PHILIPPINES PIA WURTZBACH PARA SA MISS UNIVERSE: THUMBS UP O THUMBS DOWN?"
"1"," STEVE BALLMER, NAGTAAS NG PRESYO NG PAGBILI PARA SA MGA CLIPPERS HANGGANG 3 BILLION DOLLARS"
"0"," Ang PDP-Laban ay hindi mangolekta ng bayad para sa mga post sa barangay"
"1"," WATCH: 'Brutal Rookie Cop' PO1 Tandog explains his side. Posibleng ma-assign sa Mindanao"
"1","EXPOSED: Aquino gang inagaw ang P10.6-B na pondo ng senior citizens"
"0"," Nakalista ang Makati ng mahigit 63,000 mga paglabag sa trapiko"
"0"," Ang hakbang sa botohan ni Marcos ay 'lumilag sa mga patakaran'"
"0"," Kidapawan rally dispersal: Raps readied vs gov, PNP exec"
"0"," Nakakamatay ang Joy ride para sa mga teenager sa Agusan del Norte"
"0"," WHAT WENT BEFORE: Mga isyung pangkalikasan ng Boracay"
"1"," Nais Si Senador Risa Hontiveros na Sisihin ang mga Pro-Duterte Blogger Para sa Nakakasakit na Larawan"
"1"," #DengGate: Binalewala ni Garin ni Aquino ang mga babala ng WHO, inilagay sa panganib ang 700k buhay ng mga batang Pilipino"
"0"," Duterte: Wala akong cancer"
"1","Kris Aquino At Leni Robredo Magho-host ng Bagong TV Game Show Sa ABS-CBN"
"0","Ibinasura ng mga senador ang panukalang limitahan ang mga cell tower"
"0"," Bumubuti ang kalidad ng hangin sa Baguio"
"1"," Ang pag-angkin ng #Philippines sa #SpratlyIslands ay kasing ganda ng pagkatalo sa #China"
"1"," Mga Senador ng Oposisyon ng Pilipinas, Itinaas ng MSM ang Puting Watawat"
"0"," Bill na gumagawa ng 'one-stop shop' para sa mga power project na naaprubahan"
"0"," Ang mga larong nilalaro sa wakes ay hindi nakaligtas sa anti-vices drive"
"1"," Mula kay FVP Leni Robredo: Maling Video Message na Ipinadala Sa United Nations"
"1"," Matutubos lamang ng Senado ng Pilipinas ang sarili kung patalsikin nito ang 'senador' na si Antonio Trillanes"
"1"," PHILIPPINE ARCHBISHOP: 'YOGA IS AN IMBITATION TO THE DEVIL'"
"0"," Duterte on Mabilog: 'Papatayin talaga kita'"
"1"," Mga Kaibigan, Pilipino, Kababayan, Pahiram sa Akin ng Iyong Tenga"
"0"," Isasara ang mga open dumpsite sa Cavite"
"0"," Hinimok ni Alvarez na itigil na ang pagtanggal sa mga anti-death penalty solons sa kanilang mga puwesto"
"1"," POPEMOBILE, PHILIPPINE STYLE, NAGHIHINTAY KAY POPE FRANCIS"
"1"," LOOK: Kumpleto na ang listahan ng mga brgy officials sa PDEA drug list"
"1"," NANAWAGAN ANG ANTI-GAY GROUP NA BOYCOTT NG COCA-COLA"
"0"," Ang LED-light na saranggola ay nagpabilib sa mga nagmamasid sa 'Earth Hour' sa Cavite"
"1"," MGA TAO NA DUMADAMO SA POLYNESIA PARA SA LIBRENG WI-FI"
"1"," SINASAK NI SCOTUS ANG DOMA; SNUBS PROP 8"
"0"," Rizal corner 20th Avenue"
"0"," 3 pang Sayyaf ang napatay sa bakbakan ng militar"
"1"," ‚ÄúPaglilinis ng mga nakalalasong basura‚Äù ‚Äì makukuha kaya ng Rappler na si Maria Ressa ang Facebook para tanggalin ang mga pro-Duterte accounts?"
"1"," #BangkoSerye: Inday Espina-Varona and ThinkingPinoy tweet about Ellen Tordesillas"
"1"," NABIRA NG PILIPINAS ANG DALAWANG GUINNESS WORLD RECORDS!"
"1"," Former host of ‚ÄúMel & Jay‚Äù blasts Sen. Bam Aquino: ‚ÄúWhy do you assume that we are as s***** as you are.‚Äù"
"0"," Carpio: Walang dahilan para tanggihan ang nominasyon ni CJ"
"1"," PAGPRESENTAR NG REPUBLICAN LINE-UP PARA SA 2016 PRESIDENTIAL ELECTIONS"
"1"," UAE President Inaprubahan ang Batas sa OFWs/Dometic Workers: 12-Oras Araw-araw na Pahinga, 30 Araw na Iwanan, Lingguhang Bawas"
"0"," 6 BIFF ang sumuko sa Maguindanao"
"1"," Mas gusto ni Leni Robredo na makipag-usap sa media kaysa pag-usapan ang kanyang mga ideya kay Duterte"
"0"," Ang gulo sa ERC"
"1"," Duterte sa Maranaos: 'Tanggihan ang terorismo'"
"1"," Generous Sponsors Nagdala ng Tabo Boy Sa Boracay For Real!"
"0"," Nangako si Bong Go na tutulong sa mga guro"
"1"," BOTO ANG MGA PILIPINO SA STATEHOOD SA 2016"
"1"," ADOBO CHRONICLES 2015 ACHIEVEMENT AWARDS INANOUNCE"
"1"," ANG WHITEWASHING NI LOUISIANA GOVERNOR BOBBY JINDAL"
"0"," Hiniling ng COA sina Dureza, Jimenez na ibalik ang hindi awtorisadong suweldo"
"1"," EMMA STONE NAGING UNANG OSCAR VOTER OF NATIVE HAWAIIAN HERITAGE"
"0"," Mga batang inaresto, inabuso sa digmaan laban sa ilegal na droga"
"0","Nalucaban Kids: Pinagpala ng swamp 'diwata,' powered by baseball dreams"
"1","Ang Luhaang Reaksyon ng German Chancellor Pagkatapos ng Harapang Pagpupulong kay Donald Trump"
"1"," Ang paniwala ng 'extrajudicial killing' ay oxymoronic!"
"0"," Ang arsobispo ng Davao ay bagong pangulo ng CBCP"
"0"," Nakikita ng Comelec ang 75% voter turnout para sa barangay, SK elections"
"0"," Arroyo, bumisita sa PH weaving, embroidery exhibit sa Madrid"
"1"," US, China Sabay-sabay na Naglalabas ng Tulong, Mga Donasyon Sa Pilipinas Sa Clark"
"1","Sinabi ng Coca-Cola na Ang Soda Pop Nito ay Walang Iba Kundi Rebottled Pepsi"
"0"," Bundok Kanlaon alerto"
"1"," ang epidemya ng politikong Pinoy"
"0"," Tinatanggal ng BAI ang mga paghihigpit sa manok"
"1"," Kaya ano ang tungkol sa 'Dutertenomics' na ito?"
"1"," LOOK:Netizens starts a campaign to oust Sen. Trillanes: ‚ÄúWe find you useless. Hindi ka namin kailangan‚Äù"
"0"," Sapat na mga pananggalang sa lugar ‚Äì Lacson"
"0"," Mas maraming Pinoy ang pabor sa divorce - SWS"
"1"," NASA WARNS OF FLIP SA MAGNETIC FIELD NG SUN"
"0"," Ang pagbubukas ng korte ay naglalagay ng presyon sa mga Demokratiko sa bansang Trump"
"1","Solusyon sa Trapiko: Mga Driver ng Sasakyan na Walang asawa, Ipagbabawal Sa EDSA Kapag Rush Hours"
"1"," Ang ekonomiya ng #Philippines ay pinalakas ng pagkonsumo ng mga import na pinondohan ng mga OFW"
"1"," Iniutos ni PNP Chief Ronald Dela Rosa na hayaan ang raliyista na magtakda ng programa malapit sa Batasan Pambansa"
"1"," Mga ideya sa labas ng parisukat: Alisin ang #COMELEC at ipatupad ang pagboto batay sa SMS!"
"0"," 4 na grupo ang tinitingnan ng PNP sa pagpatay sa 9 na magsasaka ng asukal sa Sagay"
"1"," CHR sa WikiLeaks"
"1"," PILIPINO PANGULONG AQUINO ININSULTO ANG ISANG KENNEDY SA ISANG PAGTITIPON SA BOSTON"
"1"," MAYOR DUTERTE NAIS NA MISS PHILIPPINES WITHHDRAW SA MISS UNIVERSE CONTEST"
"1"," THE ADOBO TOUR PART 2: ALAM MO NASA MAYNILA KA NANG‚Ä¶"
"1"," Ang pagpipigil sa pagbubuntis ay humahantong sa katiwalian"
"1"," Marcos and the Red Scare: Martial Law in Retrospect"
"1"," Plano ng Rappler na Maghain Para sa Pagkalugi"
"1"," WHITE HOUSE AY TUMUGON SA MGA KOMENTO NI JOAN RIVERS TUNGKOL KAY BARACK AT MICHELLE OBAMA"
"1"," SELFIES: UNANG ISIP DISORDER, NGAYON SYMPTOM NG SEKSUAL DEFICIENCY"
"1"," 2015 PHILIPPINE BLOGGING AWARDS: MAGSIMULA NA ANG PAGBOTO!"
"0"," Ipinasa ng Senado ang panukalang batas na nagbibigay sa mga magsasaka ng niyog ng higit na representasyon sa PCA board"
"0"," Gusto ni Mayor na mapangalagaan ang mga buto ng beached whale"
"1"," Inilabas ng GMA News ang Bagong Logo"
"0"," Mas kaunting barangay ang isailalim sa Comelec control"
"0"," Ang mga estudyante ng PH ay nanalo ng 10 medalya sa Singapore math contest"
"1","Ipinaliwanag ng mga pulis sa pagpatay sa 'woman in a drum' kung bakit nangunguna si Duterte"
"1"," ADOBO CHRONICLES EXCLUSIVE: MANNY PACQUIAO MAY MENSAHE SA MGA FANS AT CRITICS (VIDEO)"
"0"," Iniluklok ang bagong sultan upang makatulong na maiwasan ang ekstremismo"
"0"," Ang amo sa Saudi ay inakusahan ng pagpapahirap sa Pinay"
"0"," Sinabi ng Uber na ipaliwanag ang paglabag sa data sa loob ng 48 oras"
"0"," Palasyo: Nananatili si De Lima; demonstrador ugat para sa DOJ chief"
"0","Humingi ng imbestigasyon sa bahay sa isyu ng suplay ng bigas"
"0","Sinisingil ng US ang mga Iranian sa malawakang pamamaraan ng pag-hack"
"1"," LAGI NATING ALAM ANG TUNGKOL SA BARRY MANILOW, PERO NGAYON SI MARTIN SHEEN AT SAM WATERSTON AY LUMABAS NA GAY!"
"0"," Susunod na pokus ng drug war: Lahat ng mga nayon"
"1"," KAWALAN NG QUORUM SA SENADO NG PILIPINAS AY MAAARING MAGHUWI SA CONSTITUTIONAL CRISIS"
"0"," Mula sa mga lumang pahayagan hanggang sa mga ecobag"
"1"," LEAKED: BAKIT SI SAM SMITH ANG PINILI NA MASULAT AT MAG-RECORD NG BAGONG JAMES BOND FILM THEME SONG"
"1"," Ang pag-iibigan ng Mainstream Media kay Leni Robredo"
"1"," Mas malala ang Pilipinas 30 taon pagkatapos ng 1986 EDSA People Power Revolution"
"0"," Tinanggihan ng konseho ang panibagong panukala ng NFA na itaas ang presyo ng bilihin ng palay"
"0"," 129 jail inmates ang nagtapos sa Batangas"
"1"," Si Senator Hontiveros ay nagsampa ng demanda para pigilan si Jover Laurio sa pagsasagawa ng facial surgery"
"1"," WATCH: Sinagip ni SAP Bong Go ang mga bata, matatanda sa Davao Flashflood"
"1"," Human Rights Campaign, Pinakamalaking LGBT Organization, Lumabas ‚Ä¶ Bilang Republikano"
"1"," Si Bongbong Marcos ay isang class act sa #PiliPinasDebates2016 Episode 2"
"0"," Pinagtibay ng panel ang pagtanggi sa impeach case laban kay poll chief Bautista"
"0"," Walang nakitang mga ninakaw sa gamit ng mga sundalo"
"0"," PAO chief, bukas sa panibagong imbestigasyon sa kaso ng pagpatay kay Espinosa"
"1"," Mga Filipino Lesbian na Magra-rally Sa Harap ng Malaca√±ang Para Iprotesta ang Crackdown Sa Loitering"
"1"," Nagtitipon sa Barcelona, Spain ang mga tagasuporta nina Pangulong Duterte at PNP Chief Ronald ‚ÄúBato‚Äù Dela Rosa"
"0"," Sinabi ng dating Thai PM na siya ay inosente, humihingi ng 'kabaitan'"
"1"," Naging isyu ang ingay nang maging isyu ang #Pilipino! #Singapore"
"1"," 2017 Philippine Fake News Awards Nominees Inanunsyo"
"0"," 'Wala nang press cons'"
"1","ANG MATANGING SOLUSYON NG MANILA LAWMAKER TO TORRE DE MANILA CONTROVERSY"
"0"," Maaaring maantala ang pagtakbo ni De Lima sa mga kaso ng baboy"
"1"," Mga Dilawan, Pinalawak ang Olive Branch Kay Duterte!"
"1"," BUMILI si DONALD TRUMP ng TIME MAGAZINE sa halagang $2.5 BILLION"
"1"," Duterte BPI bank scandal isang bitag na itinakda para kay Trillanes?"
"0","Pinaputukan ng mga pwersang panseguridad ng Myanmar ang mga tumakas na Rohingya"
"1"," Trump: Mayroon akong 2005 na Mga Video Ni Bill At Hillary"
"1"," Nagbabagang balita! Ang Suspensyon ng UBER ay Ober na"
"0"," Itinanggi ng korte sa Pasig City ang injunction order laban sa PCSO"
"0"," Sumuko ka na habang kaya mo pa"
"0"," Gov't, MILF sign pact to decommission Moro rebels' firearms"
"1"," Kung sino man ang nag-imbento ng ilan sa mga pagkaing #Filipino doon ay tiyak na gutom na gutom."
"0"," Itinulak ni Binay ang curfew para sa mga menor de edad"
"0"," What went before: Trillanes accuses Duterte of having P227-M in bank account"
"0"," Sinunog ng mga rebeldeng NPA ang daycare sa North Cotabato"
"1"," Love Fest Between Filipinos (Except Media) And Facebook's Mark Zuckerberg"
"0"," Isasara ang isla ng Cebu ng isang linggo para sa paglilinis"
"1"," Si Clint Eastwood ay Lumabas Bilang Top GOP Choice Para Palitan si Donald Trump"
"1"," Driver ng trak na aksidenteng nakapatay ng isang lasing na menor de edad na rider ng motorsiklo pinalaya kapalit ng P200,000"
"0"," Ang diplomasya ay tinawag na susi sa paglutas ng krisis sa Hilagang Korea"
"1"," Overseas Filipino Scammers (OFS) sa Japan Hinarap ng mga OFW"
"0"," Sertipikahan ang BBL, hinimok ni Duterte"
"0"," 'Secure na pagpapalaya sa 20 PH seamen, gaganapin sa Libya'"
"0"," Galvez: Huwag nating kalimutan ang Marawi"
"1"," SAGOT SA PANGHULING TANONG NG PILIPINAS SA MISS INTERNATIONAL SA SPANISH"
"1"," PNP Chief Bato Dela Rosa to Policemen: ‚ÄúPag kayo ay namatay walang taga-human rights na magpapakain sa mga anak ninyo‚Äù"
"0"," Pagbitay sa droga: Pampublikong split"
"0"," Escudero: Probe of bank accounts kailangan kooperasyon ni Duterte"
"1"," TP Investigates: The Intricate Grace Poe-Danding Cojuangco Connection"
"1"," CBCP Halloween stunt ngayong taon: 'A Night of Horror during Duterte's Time'"
"1","Itinanggi ng Camp of De Lima na pinalayas ang Lady Senator sa Conference Hall sa Berlin"
"1"," Inquirer, naghihingalo ang Rappler? Ang Pagtaas ng Millennial Mosquito Press"
"1"," Pinabayaan na ni Pangulong Aquino ang Kanyang Buhok"
"0"," 4 patay, kabilang ang gunman, sa pamamaril sa bangko sa Cincinnati"
"1"," Pangulong Duterte Kabilang sa mga Celebrity Judges Sa Miss International Pageant Sa Japan"
"0"," Ipatupad ang pagbabawal sa pocket mining, utos ni Cimatu"
"1"," Sinampahan si COMELEC Chairman Andres Bautista ng parehong mga paglabag na nagpa-impeach kay Corona!"
"1","#BangkoSerye: 5 Sitwasyon sa BPI Julia Vargas Meet sa Lunes (Part 1 of 2)"
"0"," Anak ni Duterte na iniugnay sa mga pagpatay, droga"
"0"," Duterte naglabas ng galit sa AMLC"
"1"," Walang nakitang ebidensya ang Office of the Ombudsman na nag-uugnay sa pagkakasangkot ni Duterte sa DDS at sa mga pagpatay sa Davao"
"1"," WASILLA POLICE DEPARTMENT NA DADALIN ANG ASO NI SARAH PALIN SA PROTECTIVE CUSTODY"
"0"," Hinimok ng mga Parliamentarian na itulak ang mas mabuting pangangalaga sa kalusugan"
"1"," Pinakabagong Trump Bombshell Mula sa 'Star Wars' Legend na si Carrie Fisher : Siya ay Gumagamit ng Coke"
"0"," Isa na namang hindi magandang pangyayari sa PNP"
"1"," Palasyo ng Malacanang, bukas sa lahat lalo na sa mahihirap ayon kay Pangulong Duterte"
"1"," MILYON ANG LUMILIPAT SA PEPSI BUNGA NG COKE CAMPAIGN"
"1"," Nadiskwalipika ang Pilipinas sa Asia's Got Talent sa Susunod na Taon"
"1"," ISA PANG KAHIYA SA BUREAU OF CUSTOMS NG PILIPINAS"
"1"," Ang kakulangan sa #English proficiency ay pumuputol sa mga #Filipino mula sa mabilis na pagsulong ng kaalaman ng mundo!"
"1"," SAFEWAY, BUONG PAGKAIN, TRADER JOE'S PARA MAG-SET UP NG SPY CAMERAS SA KANILANG MGA TINDAHAN"
"0"," Calida dares Sereno to submit herself to SC peers"
"1"," It's Going To Be A Hair-Raising 2016 US Presidential Race"
"0"," Ruby Tuason vs Estrada: Truth over friendship"
"0"," Dinadaya ng rich tax ang susunod na pangalan-at-kahiya-hiyang target"
"1"," Aktibismo sa dinastiya: Ang mga 'aktibista' ng Anti-Marcos ay nag-disqualify sa mga pulitiko batay sa kanilang mga bloodline!"
"0"," Natalo sa pagsasalin ang Olympic ice hockey team ng Korea"
"1"," Handang pangunahan ni Robredo ang opposition slate para tumugma sa senatorial bets ni Duterte"
"0"," Sinimulan ni Duterte ang pagsubaybay sa sunog noong 2018"
"1"," Hinamon ni Pangulong Duterte ng Pilipinas si Donald Trump na Makipagsuntukan; Tinawag ng Kandidato sa Republikano ang mga Pilipino na 'Mga Hayop'"
"1"," Kailangang pangunahan ng ilong ang mga #Pilipino tungo sa pagsulong ng isang makatarungang pinuno!"
"1"," ""Ugly Duckling"" Girl Who Looking Gorgeous After Puberty Goes Viral"
"0"," Pangalanan ni Gueverra ang bagong acting prosecutor-general"
"1"," Kung bakit ang pahayag na nilagdaan ng '104 data scientist at akademya' ay isang kalokohan sa agham"
"0"," Nadiskaril ang pagdinig sa badyet ng bahay"
"0"," 200 kumpanya sa Boracay ang pinagmulta"
"1"," Bagong Manila Airport Chief Nais Palitan ang Pangalan ng NAIA kay NoyNoy"
"1"," Kinilala ang mga taong nasa likod ng #SilentNoMore blog, si Sotto na magplano ng cyber libel laban sa may-akda ng mapanirang artikulo"
"0"," Ang mga legal na agila ay nangunguna sa alyansang anti-EJK"
"1"," Ang pagkahumaling ng mga Yellowtards sa ginawang kasikatan"
"0"," Enrile doctrine: Hinahangad na palayain ang 53 makakaliwang bilanggo"
"1"," SUSAN ROCES VS. AMALIA FUENTES FOR PHILIPPINE PRESIDENT?"
"1"," Ang #Filipino dude sa #Canada ay laging tinatanong ng mga #Pinoy kung ilang puting sisiw ang kanyang natulog"
"1"," AQUINO PARDONS MARCOS!"
"1"," Chito Gascon ng CHR: Nilabag ng Kongreso ang Aking Mga Karapatang Pantao"
"0"," Isinara ang Colorado zoo matapos nasugatan ng hail storm ang 5, pumatay ng mga ibon"
"1"," ""Mukhang Durog"" ang tawag ni Sen. Cayetano kay Sen. Trillanes"
"1"," LOOK: Sumulat ng open letter ang mga netizens sa BBC host na nakapanayam ni senador Trillanes at pinuri siya sa kanyang 'in-dept research'"
"0"," Tinanggihan ng Japan PM ang panawagan ng South Korean para sa mga bagong hakbang upang matulungan ang 'comfort women'"
"0"," 'Amerika Una'"
"1"," Bongbong Marcos Kay Duterte: You're A Double-Crosser"
"1"," FIANCE OF MURDERED TRANSGENDER FILIPINA AY NAGSULAT NG BUKAS NA LIHAM SA MGA PILIPINO"
"1"," Pro-Duterte Bloggers, Netizens Plan A Mass Exodus From Facebook"
"1"," WALA NA MGA PILIPINO SA X FACTOR AUSTRALIA MAGSIMULA SA SUSUNOD NA TAON"
"1"," Maria Ressa ng Rappler Tumanggap ng Demokrasya Award Para sa Pagtulong sa Hinirang na Duterte"
"0"," So ano ba talagang sakit ng Presidente?"
"1"," Bakit Pinahahalagahan Ko Pa rin ang 'Due Process'..."
"1"," NANAWAGAN ANG KANDIDATO NG PRESIDENTIAL NG PILIPINAS NA TUMIGIL SA DIGMAAN LABAN SA SIMBAHANG KATOLIKO"
"1"," NAGBIBIGAY SI JUSTIN BIEBER NG UNANG PRESIDENTIAL EASTER PARDON"
"0"," Nagbigay ng tulong ang mga negosyante sa pamilya ng mga napatay na tropa ng Marawi, mga pulis"
"0"," De Lima: 'Walang makakapaghusga sa akin sa aking moralidad'"
"1"," Checkmate na ba si Cocoy Dayao?"
"0"," Nangahas si Napoles: Ibalik ang yaman mula sa pork scam"
"1"," Panoorin: Anti Illegal Drugs Commercial ng Duterte administration"
"1"," MICHELE BACHMANN NAG-file ng bill para i-scrap ang national anthem sa mga laro ng bola"
"1"," Salita Ng Taon ng Adobo Chronicles: TOKWA"
"0"," 10 naninigarilyo ang namamatay bawat minuto ‚Äì WHO"
"1"," KALIMUTAN ang 'THROWBACK THURSDAYS,' AT&T ANNOUNCES 'LIBRENG BIYERNES'"
"0"," Nangahas ang DTI: Show proof QT steel bars are safe"
"1"," Mabilis na Gabay ng Adobo Chronicles Para sa Mga Panloloko sa Internet"
"0"," Napatay ang amazon ng NPA sa Agusan del Norte"
"1"," De La Salle, Ateneo Sabay-sabay na Inilunsad ang Intramurals Sa Lahing Senador"
"1"," Hinalikan ni Baron Geisler si Kiko Matos lips to lips"
"1"," Iuuwi ni Pangulong Duterte ang 1 Trillion pesos na investments at credit facilities mula sa China"
"1"," Ang Tugon ni Donald Trump Kay Mayor Rod Duterte: 'Bilang Presidente, Ipapatapon Ko Lahat ng Pilipino'"
"1","Update: Si Donald Trump ay Umiskor pa ng Lima, Siguro Anim na A-1 List Performers Para sa Kanyang Inaugural"
"0"," RESULTA NG POLL: Nabigo si Aquino na tuparin ang karamihan sa mga nakaraang pangako ni Sona"
"0"," Hinikayat ang Bagong Inquiry sa SAF 44 fiasco"
"0"," Binatikos ni Sister Patricia Fox ang PH 'reign of tyranny'"
"0"," 14 ang patay sa Western Visayas drug war"
"0"," Si Kris Aquino ay pumunta sa Hollywood"
"1"," Pag-asa para sa #Pilipinas: Trike driver tinuturuan ang mga kabataan sa sakit ng magkalat!"
"0"," Tax reform bill na nilagdaan sa gitna ng mga batikos"
"0"," Nagtakda ang SC ng oral arguments sa same-sex marriage bid"
"1"," Ang Pagkaadik ng Pinoy Sa Drama At Kung Bakit Hindi Ito Nakakatulong sa Bansa"
"0"," Nakita ng BIR na 'walang anomalya' sa tax returns ni Sereno"
"0"," Poe sa DOTr: I-address ang traffic, huwag nang maghintay ng emergency powers"
"0"," Nakatira ka ba sa quake zone? Binabaybay ng mga bagong mapa ng Phivolcs ang 100-km West Valley Fault"
"0"," Ang mga babaeng sundalo ay nagpakita ng katapangan sa Marawi combat zone"
"1"," 3 Bagay sa Pilipinas na Mas Masahol pa sa Homosexuality"
"1"," Adobo Chronicles Exclusive: Buhay Carinderia's P80 Million Budget Reveled"
"1"," #LeniLeaks : Sec. Ang hamon ni Raffy Alunan at ang pag-aatubili ng Mainstream Media"
"0"," MMDA chief out of LP Senate slate"
"0","Nagmartsa ang oposisyon ng Zimbabwe sa kabisera, naghahanap ng patas na boto"
"1"," Caught On Tape: Pag-uusap nina Pangulong Duterte at VP Robredo sa mga seremonya ng pagsisimula ng PNPA"
"0"," Gusto ni Duterte na ganap na maipatupad ang RH law"
"0"," Tumaas ng 36% ang kaso ng dengue sa buong bansa, sabi ng DOH"
"0"," P3-bilyong telecom investment, tumaas sa ARMM"
"0"," Bumoto ang Boracay sa Top 10 destinations"
"0"," Tulay, mga proyektong daan sa daan na nakikitang magpapagaan ng trapiko sa Batangas City"
"1","AIRBUS IPINALABAS ANG PINAKABAGONG AIRRCRAFT: KARAGDAGANG LEGROOM, KAWALANG SIKO NG KWARTO"
"0"," Ormoc City stages 2nd Pi√±a Festival"
"0"," Pinag-aaralan ni Pope OK ang mga archive ng Vatican sa McCarrick scandal"
"1"," Walang batas, alituntunin o regulasyon na may kinalaman sa karapatan ng Malacanang Press Corps na i-cover si Pangulong Duterte ‚Äì PCOO"
"0"," Ang paggasta sa konstruksiyon ng US ay bumaba ng 1.1 porsyento noong Hunyo"
"0"," Tinapos na ng Senado ang pag-uusisa ngunit tila hindi nasaktan si Binay"
"1"," Rappler, Adobo Chronicles Nagbanggaan ang Kutis (Ang Pangulo)."
"0"," Nanalo ang Cavite bettor ng P47.8M"
"1"," HAWAII'S ""CHINAMAN'S HAT"" TO BE RENAMED ""PINOY SALAKOT"""
"0"," Bumaba ang temperatura sa 9.60C sa Baguio; pinakamalamig na araw na inaasahan sa Pebrero 19-23"
"0"," Nag-aalala si Villar sa mga kasambahay sa ibang bansa"
"1"," Nakatira ako sa PILIPINAS, hindi ang bula na Imperial Manila"
"0"," HINAKOT DAHIL sa pagnanakaw sa tiyahin ni robin padilla"
"0"," 'Ang mga masaker sa panahon ng rehimeng Marcos ay nagsilang ng paglaban ng Moro'"
"1"," Mga mayayamang Pilipino lang ang may problema sa Martial Law years"
"1"," Tinanggap ng Israel ang Paghingi ng Tawad ni Duterte: ‚ÄúTinatanggap Namin At Alam Namin na Hindi Ito Sinasadya‚Äù"
"0"," Bato: Mga baybaying bahagi ng mga ruta ng pagpupuslit ng droga"
"1"," Leni Robredo nagproklama ng 'vice president'! Altogether now: 'Ang bayan kong Pilipiiiinaaassz‚Ä¶'"
"0"," Army para masiguro ang 'pribadong' Marcos birthday bash"
"0"," Pagpapatalsik sa mga airport exec sa 'tanim-bala' ipinilit"
"0"," LGU investment ventures itinulak sa Luzon"
"1"," Nakikita ba natin ang pagtatapos ng isang panahon ng matinding liberalismo?"
"1"," KINUMPIRMA NG PAG-AARAL NG OHIO STATE UNIVERSITY: NAG-SELFIE NG METAL DISORDER"
"0"," 'Wag nating sayangin ang sandali'"
"1"," Ang napakaraming tao sa Duterte Grand Rally ay nagmamarka ng pagtatapos ng isang panahon at pagdating ng pagbabago"
"1"," SI POPE FRANCIS SINASABIHAN ANG PILIPINAS MAYOR"
"0"," Ang mga biktima ng 'Nanlaban' ay hindi nabigla sa mga legal na hadlang"
"0"," Maayos ang mukha ng mga pasaherong Grab"
"0"," Ang ready-to-eat na 'arroz caldo' ay nangunguna sa mga R&D awardees"
"1"," De lima sa mga pag-atake: 'Ang ilan ay totoo'"
"1"," Bakit ang coal-minded Duterte ay nasa maling panig ng kasaysayan"
"1"," WATCH: Duterte supporters binastos ni Jim Paredes"
"0"," Ang mga driver na nag-iiwan ng mga bata na mag-isa sa mga kotse ay nahaharap sa pagbawi ng lisensya"
"1"," NAGPASALAMAT ANG UNDOCUMENTED MEXICAN IMMIGRANTS kay DONALD TRUMP PARA SA BOOM SA KANILANG NEGOSYO"
"1"," PNoy Gagawa ng Bagong Prime-time Show Para sa ABS-CBN"
"1"," Duterte sa updated Drug List: ‚ÄúMasyadong makapal‚Äù"
"1"," LOOK: Listahan ng mga bumoto ng Supreme Court Justices na bumoto para patalsikin si Sereno"
"0"," Pagboto sa mga mall: Bakit hindi? sabi ng Comelec"
"0"," Humingi ng update ang Senado sa pagsisiyasat ng pagpatay sa ex-Makati engineer"
"1"," NAGBABAGANG BALITA! ISANG MEMBRO NG MAUTE GROUP SUGATAN GUSTONG TUMAKAS NAHULI SA CHECK POINT NG MGA MILITAR !"
"1"," THROWBACK: 'Playgirls' performance sa pagtitipon ng Liberal Party"
"1"," Ikinagulat ng kanyang mga followers ang post ni Inday Sara sa social media na nagpapatunay sa balitang patay na siya."
"1","Sinabi ni Sarah Palin na Handa Siyang Itapon si Trump"
"0"," 'Kailangan ng ERC ng mga kumikilos na komisyoner'"
"0"," Nanawagan ang mga eksperto sa bukid para sa pangangalaga sa lupa"
"1"," Hindi pa naganap: Apat na Kandidato sa Pangulo ang Lumahok sa Isang Porum ng mga Kandidato Bago ang mga Asian American"
"1"," Ipinakita ni Leni Robredo ang Pambansang Kasuotan para sa Miss Philippines-Universe sa Susunod na Taon"
"1"," LOOK: Listahan ng mga krimeng mapaparusahan ng kamatayan sa bagong death penalty bill"
"1"," Kailangan na Ngayon ng Mga Bagong Sticker Para sa Lahat ng Balikbayan Box"
"1"," GINAWANG OPISYAL NG AMERICAN PSYCHIATRIC ASSOCIATION: 'SELFIE' ISANG METAL DISORDER"
"1"," SILICON VALLEY ENTREPRENEUR MAY SOLUSYON PARA SA GROUP 'SELFIES' : RETRACTABLE BOOM POLES"
"0"," Aquino: Hindi na siya ang Jejomar Binay na kilala ko"
"0","Balloon spreads abo ng founder ng international hot air balloon fest"
"0"," Bilang ng pulisya, 103 ang bilang ng mga namatay sa droga"
"1"," Maria Ressa: 'Nakatulong ang Rappler na Mahalal si Duterte'"
"0"," Tinambangan ng mga pulis; 1 patay, 1 sugatan; narekober ang van ng mga salarin"
"0","32 arestado sa drug sweeps sa Olongapo"
"0"," Ipinagpapatuloy ng DPWH ang trabaho sa 1.7-km highway"
"1"," Aquino, Duterte, at ang ‚ÄúKill List‚Äù: Isang Paghahambing ng Extrajudicial Killing Statistics"
"1"," NAKAKAGULAT! Kasuka-sukang Baho Ni Trillanes Nilantad Sa Publiko! DAPAT PANOORIN"
"0"," Ang saklaw ng PhilHealth ay umabot na sa 97 milyong Pilipino noong 2017"
"1"," Liham Ng Buwan Sa Adobo Chronicles"
"1"," ITINULONG NG MGA REPUBLIKA ANG BAGONG BATAS UPANG PROTEKTAHAN ANG MGA EMPLOYER NA SINUSAP ANG MGA SINGLE NA BABAE DAHIL SA PAGBUNTIS"
"0"," Israel, Palestinians ay nakikipag-away sa mga bagong embahada sa Jerusalem"
"0"," Kinasuhan ng DOTr sina Roxas, Abaya ng plunder sa mga kontrata ng MRT 3"
"1"," Bawat Senador ay Ookupahin ang 3 Palapag Sa Iminungkahing Bagong Gusali ng Senado"
"0"," Mga opisyal ng PNPA para makakuha ng promotion break"
"1"," PINILI NI HILLARY SI BILL CLINTON BILANG VP RUNNING MATE!"
"0"," Ang kaso na isinampa sa nakamamatay na duck boat na paglubog ay naghahanap ng $100 milyon"
"1"," Ang Quiet Achievement ay wala sa bokabularyo ni Leni Robredo"
"1"," Corruption vs. Incompetence: Alin ang Lesser Evil?"
"1"," Inaprubahan ng Senado ang 'National ID system' sa huling pagbasa"
"0"," Pinagtatalunan ng kompanya ang ulat ng 'windfall' sa Macapagal Boulevard"
"1","Nais ni Senador Risa Hontiveros na Ideklara ang Oktubre 1 Bilang Pambansang Araw ng Plastic Surgery"
"0"," Binanggit ni Aquino ang dinamikong pamana ng mga Chinoy"
"1"," Si Jejomar #Binay ay magiging magaling na Presidente ng #Pilipinas"
"0"," Nagkakaisang itinataguyod ng hukuman sa Zimbabwe ang panalo sa halalan ng pangulo"
"1"," Ang pulisya ng Pilipinas, tulad ng karamihan sa mga puwersa ng pulisya, ay may legal na batayan para barilin ang mga tao"
"1"," Idineklara ni Donald Trump ang Nobyembre 8 Lumpia Martes"
"1"," Bakit Hindi Napunta si Kris Aquino sa Hollywood Film."
"0"," Ang 'tahimik na oras' ni Aquino: Pagdarasal para sa mga 'haters'"
"0"," Pinangalanan ng UNICEF ang modelo ng QC para sa pangangalaga ng sanggol"
"1","Ang 'magnificent seven' na iba pang kongresista ng oposisyon ay nakakuha ng zero budget sa susunod na taon"
"0"," Inamin na gumagamit ng droga na na-tag sa panggagahasa-pagpatay ng 5-taong-gulang na batang babae"
"1"," Si Senador Trillanes ay naghain ng panukalang batas Para Baguhin ang Watawat ng Pilipinas"
"0"," 5 patay, 5 sugatan nang mahulog ang trak mula sa tulay"
"1"," KERRY COURTS WORLD SUPPORT PARA SA ATING STRIKE SA SYRIA"
"1"," Ang FDA ay naghahangad na isulong ang gutom"
"0"," PDRRMC: 65 bahay na winasak ng habagat sa Zambales"
"1"," PILIPINO DECRY: ‚ÄúTINANGGAP (ULI) KAMI NG NO. 1 SPOT!"""
"0"," Binanggit ni Leni si Jesse sa panawagan niya para sa pambansang pagkakaisa"
"0"," 2 bidder para sa airport project, arestado dahil sa falsification of public documents"
"0"," Aklan cops gears para sa ASEAN meeting"
"0"," Ang 'Oligarch' sa listahan ng mga hit ni Rody ay umalis bilang boss ng kumpanya"
"1","Matobato kin speaks: Edgar a realtor, not a DC employee"
"0","'Kasambahay' para makakuha ng dagdag sahod"
"0"," Pinangalanan ni Pope Francis ang bagong pinuno para sa Diocese of Tagum"
"0"," 'Asia's Got Talent' finalist na kumanta ng nat'l anthem sa Sona"
"1"," Binaha ng mga Kampanya ng #Hashtag ang Internet Sa Pilipinas"
"1"," Ozamiz City Vice Mayor Nova Parojinog Nakatakas sa Kanyang mga Bumihag!"
"1"," Kumalat online ang umano'y eskandalo ni Steph Lagera na video at download link"
"1"," ISANG ANGHEL ANG NAGKITA SA LANGIT SA LABAS NG CAMPBELL, CALIFORNIA"
"0"," Ibinasura ang reklamo ng food firm laban sa mga opisyal ng DAR"
"0"," Pichay seeks dismissal of case at Sandiganbayan"
"1"," Batang babae, nag-upload ng video ng isang taxi driver na nakipagtalo sa kanila, ngunit sa halip na makatanggap ng suporta ay binasted siya ng mga Netizens"
"1"," Gusto ng Kaanak ng mga Bayani na Hukayin ang mga Mahal nila sa Libingan Ng Mga Bayani At Ilipat Sa Ibang Lugar."
"1"," MGA OBISPO NG PILIPINAS, UMALIS SA VATICAN"
"0"," Ang panganib ng pagkalat ng Ebola mula sa Congo ngayon ay 'napakataas,' sabi ng WHO"
"0"," Govt na tutustusan ang PUV modernization"
"0"," Hawak ng Israel ang boto sa munisipyo, pumili ng bagong alkalde ang Jerusalem"
"0"," Ang Mamasapano ay lumubog sa rating ng Aquino"
"1"," Ibinunyag ng aktres na si Vivian Velez na nananatili umano si Sen. De Lima sa isang mamahaling hotel sa US na nagkakahalaga ng P33-k kada gabi"
"1"," PANOORIN! NAKAKAGULAT ILANG MEMBRO NG MAUTE GROUP MAY KONEKSYON DI UMANO SA MAGDALO PARTYLIST"
"1"," Martial Law Crybabies ay binabaha ang mga timeline ng social media ng kanilang loser mentality!"
"0"," 2 Pinay ang nasawi sa aksidente sa sasakyan sa California"
"1"," Sa MRT at Dengue vaccine fiascos, oras na para aminin ni Leni Robredo ang incompetence ni Noynoy gov't"
"1"," Dating CEO ng Procter and Gamble, pinuri ng Coca-Cola si Pres. Duterte: ‚ÄúPuro ang kanyang intensyon. Siya ay isang tao ng aksyon"""
"1"," Mahalaga ang publisidad kay Leni Robredo kahit sa panahon ng trahedya gaya ng pambobomba sa Davao"
"0"," 4 ang patay sa aksidente sa kalsada ng Cabangan"
"1"," Inutusan ng Court Of Appeals ang Rappler na I-shut Down, err... Shut Up"
"0"," Ang muling pagtatayo ng Marawi ay nagkakahalaga ng humigit-kumulang P90B"
"0"," Ang CamSur mayor ay sinuspinde ng 90 araw"
"1"," Roxas at Korapsyon: Mga Eroplano ng Kampanya, Paggasta sa Halalan, Mga Interes sa Pagmimina at Karapatan ng Lumad"
"0"," The King and I: My cheerleader, dreamworker at comfort zone"
"1"," KUMPLETO NA LISTAHAN: Mga Unibersidad at Kolehiyo ng Estado na sakop ng Free Tuition Law."
"1"," PAGKAIN NG CORN GRITS NA NAKA-LINK SA HOMOSEXUALITY SA AMIN, MGA CHAMPION BOXERS SA PILIPINAS"
"1"," Duterte slams the group who told him to study statemanship 'Presidente ako, hindi statesman!'"
"1"," Sa Isang Tweet, Inilantad ni Jim Paredes Ang Katotohanan sa Likod ng Dilaw na Partido"
"0"," Sans EO sa 'endo,' hinahabol pa rin ni Duterte ang mga kumpanyang '5-5-5'"
"1"," Nawawala si Duterte?"
"0"," 'Mag-ingat sa mga scam sa pamumuhunan'"
"0"," Teo: Makeup artist talaga ang executive assistant ko"
"1"," NAGBIBIGAY NG LIBRENG DAMO SI OPRAH SA KANYANG LIVE TV SHOW AUDIENCE"
"0"," Natukoy ang mga lalaking MILF sa mga video"
"1"," Isang 'revolutionary government' na pinamumunuan ng kasalukuyang presidente ay isang nakakabaliw na ideya"
"0"," 2 beses na tinanggihan ng Maute ang gobyerno"
"1"," 17 Strike and counting... para kay Edgar Matobato"
"1"," Dapat itigil na ng gobyerno ni Duterte ang Yellow media na magtakda ng tema ng administrasyon"
"1"," Inihayag ni Duterte ang pangunahing problema sa relasyon ng PH-US"
"0"," Sinabi ng Spain na kunin ng France ang mga migranteng barko ng Aquarius"
"1"," Ang PH Telco Cartel: Ang kwento ng Telstra mula sa paglilihi hanggang sa pagkakuha [1"
"0"," Pansamantalang sinuspinde ang biyahe ng mga bangka sa Iloilo para sa Semana Santa"
"0"," Inihayag ng DAR ang 4,000 magsasaka ng Luisita na nagbebenta o nagpaupa ng kanilang lupa"
"0"," Bagyo para sa Central Visayas"
"1"," Ang moralidad sa istilong Pinoy ay nagtatakda ng mga maling priyoridad"
"1"," Inaresto ng Pulis ang Video ng Proposal sa Kasal na Naging Viral"
"1"," LAGLAG BALA: TOURISM SECRETARY, SINASABIHAN ANG MGA PILIPINO, MEDIA NA MANAHIMIK"
"0"," Hinimok ni Duterte na suportahan ang mga imbentor"
"1"," Idealistic? Masipag? Makabayan? Kailangan ka ng Malaca√±ang!"
"0"," Tumutulong ang Therapeutic center sa mga dating gumagamit ng droga"
"0"," Iniutos ng Sandiganbayan na ituloy ang paglilitis kay Binay"
"0"," Nakapasok ang mga bagong grupo sa Top 10 ng party-list"
"0"," Solon: Inatake ng NPA ang bahagi ng pakana para kay RevGov"
"0","Nangako si 1-Pacman party-list ng suporta para kay Romero"
"0"," Higit pang mga buwis ang hinihimok para sa mga mamimili ng bawat karagdagang sasakyan"
"1"," Malaya na si Duterte na italaga si Bongbong Marcos sa isang Cabinet post sa Hulyo 1!"
"0"," Nakakagulat, nakakabahala, sabi ni Robredo tungkol sa mga hubad na preso"
"0"," 'Nakikilala niya ang diyablo kapag nagkita sila. Matalino siya sa kalye'"
"1"," Nagtataka si Donald Trump Tungkol sa Posibleng Pagtakbo ng Pangulo ni Michael Bloomberg"
"0"," Pinasinungalingan ng Napolcom ang pagbebenta ng 'reinstatements' ng mga pulis"
"1"," Bakit ang mga Dilawan ay Speechless (Nganga) tungkol sa Nation-Building Strategy ni Duterte"
"0","Mga makakaliwang mambabatas na magdadala ng TRAIN sa SC sa susunod na linggo"
"1"," Kailangang palakihin ng mga Pilipino ang kanilang mga anak upang maging tapat!"
"0"," Blindsided by Duterte: isang postmortem"
"1"," Bakit mas magaling si Manny Pacquiao kaysa kay Donald Trump"
"0"," Sinabihan ng Comelec na isa-isahin ang mga gastos sa protesta ni Marcos"
"0"," PNP: Walang patunay ang matataas na opisyal sa droga"
"0"," Mas maraming pamilyang Pilipino ang nakakaranas ng gutom‚Äìsurvey"
"1"," The Impeachment Gambit: Connecting Trillanes, Bautista, Sereno, Robredo, and Marcos"
"1"," Ilalagay na ang pangalan ni Mayor Duterte sa mga Balota"
"0"," 'Chedeng' patungo sa PH, maaaring maramdaman sa Biyernes"
"1"," Sinira ng pulitika ng Ph ang araw para sa relief effort ng #YolandaPH"
"0"," Nagdududa ang militar kay Red stand-down"
"1"," Una Si Hesus, Pagkatapos Marilyn Monroe Nakita Sa Likod ng Pangulong Duterte ng Pilipinas"
"0"," Idinaos ang mga libing para sa kabataang Gaza na pinatay sa hangganan ng sunog ng Israel"
"1"," Pinabulaanan ng abogado ang mga pahayag ng legal adviser ni Leni Robredo laban sa Duterte admin"
"0"," P350,000 na tulong sa 3 barangay"
"0"," Nagbabala si Bloomberg tungkol sa 'epidemya ng kawalan ng katapatan'"
"0"," Sinabi ng UK na hindi nito ipapataw ang reporma sa pagpapalaglag sa Northern Ireland"
"0"," Japanese gaming mogul, inaresto ang kasama"
"0"," Ano ngayon, VP Binay?"
"0"," Mag-asawa sa P900-M scam, nahaharap sa raps"
"0"," Bello sa PLDT: I-regularize ang 7,000 manggagawa"
"0"," Ipinagkaloob ang mosyon ni VP sa poll protest fee"
"0"," Magpapatuloy ang pagpaparehistro ng mga botante sa Lunes"
"0"," BUONG TEKSTO: Ang deklarasyon ni Grace Poe ng 2016 presidential bid"
"1"," Third Party Factcheck: Adobo Chronicles Is Satire; Ang Rappler ay Kampi"
"0"," Hinihimok ng pinuno ng UN ang bagong paraan upang maiwasan ang digmaan"
"1"," Si Pangulong Duterte ba ang nasa huling hanay ng isang commercial plane?"
"0","Ang mga probisyon sa paggawa ng draft charter ay tinutulan"
"0"," Huwag patahimikin, CHR tells people"
"1"," Si Ex-President NoyNoy Aquino Rips Rappler For News Story On Deported Australian Nun"
"1"," Hindi kailanman magiging opsyon para sa akin ang pag-quit- De Lima"
"0"," Binabawasan ni Abaya ang bullet scam ngunit hinihiling sa mga mambabatas na suriin ang batas"
"1"," FACEBOOK INILUNSAD ANG DISLIKE BUTTON SA PILIPINAS"
"1"," SI GOVERNOR BROWN AY NAGTATAG NG PANGHULING MAYORAL SUMMIT BAGO MAHATI ANG CALIFORNIA SA ANIM NA ESTADO"
"0"," Pinamumunuan ng Brazilian sensation ang Siargao World Surfing cup"
"0"," Ang ibig sabihin ng 'BBL' ay Bangsamoro Bike for Love"
"0"," Tinatanggap ng House ang 2 bagong miyembro"
"1"," Ang pagiging praktikal at hindi praktikal ng mga panawagan para sa mga opisyal ng gobyerno na magbitiw"
"0"," Joker Arroyo: Pinangunahan niya ang laban kay Marcos"
"0","Ang mas mataas na presyo ng gasolina ay nagdaragdag sa pasanin ng mga mamimili"
"0"," Ranking DILG official shot, laban sa buhay"
"1"," IPINAKIKITA SA POLLS ANG TWO-THIRDS NG MGA TUMANGGAP SA ICE BUCKET CHALLENGE AY HINDI ALAM KUNG ANO ANG ALS"
"1"," Lumabas ang Rappler sa Malacanang Press Corps ‚Äì Deputy ES"
"1"," HALAGA NG PILIPINO SA PINAKAMABA SA 5 YEARS, SABI NI AQUINO HINDI NIYA KASALANAN"
"1"," Donald Trump Apela Sa Filipino Americans: Please Come Out!"
"1","Walang inilaan na 'genocide': Kailangang pigilin ng mga Pilipino ang Dengvaxia debacle"
"0","Nananawagan ang DSWD sa mga evacuees na kumuha ng disaster assistance ID"
"0"," Ang mga out-of-school youth ay dapat maging 'priority' para sa mga summer job"
"0"," Ang kabisera ng Armenia ay kalmado pagkatapos ng mga protesta ngunit sa anong halaga?"
"0","Naging madugo ang pool party sa San Diego habang nagpaputok ng baril ang mamamaril"
"1"," MULI NAMAN SI JUSTIN BIEBER, THIS TIME FOR INDECENT EXPOSURE (PARENTAL GUIDANCE)"
"1"," As President, Donald Trump Will Ban 'Happy Hanukkah,'Happy Kwanzaa' And 'Maligayang Pasko'"
"1"," Pwede-na-yan mentality & #puso will not uplift quality of #Philippines #basketball"
"1"," Davao City Terrorism: HINDI ito ang panahon para maging isang Martial Law Crybaby!"
"0"," Palace tells Church: Bigyan mo si Duterte ng pahinga"
"0"," 4 na babaeng pulis pinarangalan sa Caraga"
"0"," Inilunsad ng China navy ang pinakabagong henerasyong destroyer"
"0"," 81 DPWH infra projects sa Leyte"
"0"," Ang Baguio ay nanlalamig habang ang mga lowland region ay dumaranas ng nakakapasong init"
"0"," WHAT WENT BEFORE: P6.4-B shabu smuggling"
"0"," Indigenous paraplegic divinity: The story of Namtogan"
"0"," Nagkahiwa-hiwalay sa maliliit na grupo ang mga teroristang Maute, Abu Sayyaf"
"1"," Pinagtibay ng Pilipinas ang Patakaran sa Pagpapalitan ng Immigration sa Estados Unidos"
"0"," Ang mga Parojinog ng Ozamiz"
"0"," 'Maliit na pagbubukas' para sa usapang pangkapayapaan, sabi ng tagapagtatag ng CPP"
"1"," WATCH: ‚ÄúDUTERTE YOUTH‚Äù magre-recruit ng 1,000,000 miyembro para tulungan ang PNP at AFP na mahuli ang mga tulak ng droga, adik at kriminal"
"0"," Inaabot ng DOH ang 27 bata sa C. Luzon na nabigyan ng Dengvaxia"
"1"," Ngayong Taon, Cinco De Mayo Falls Noong Mayo 5"
"0"," 5 BIFF terrorist ang nahulog sa Maguindanao raid"
"1"," Breaking News: Opisyal na Balota Nagpapakita ng Mga Bagong Pangalan ng Mga Kandidato Para sa Pangulo at Pangalawang Pangulo ng Pilipinas"
"0"," Ang kawawang ospital ay kanlungan ng pinakamahihirap sa Pilipinas"
"0"," Ang mga multo ay nagmumulto sa opisina ng Comelec, at hindi sila botante"
"0"," Palasyo: Walang tigil sa barangay polls"
"1","SALAMAT KAY POPE FRANCIS, NAKAKAKITA ANG FILIPINO THEOLOGIAN NG BAGONG KARERA BILANG BIDA SA PELIKULA"
"0"," Philippine, US Military brass hindi nabigla sa pangungulit ni Duterte"
"0"," Pinakamahabang araw ng 2017 na magaganap noong Hunyo 21"
"1"," BREAKING: NEVADA ATHETIC COMMISSION VOIDS MAYWEATHER WIN over PACQUIAO"
"1"," Panoorin: Isa sa 10 bihag ng Maute na nakatakas, isiniwalat ang karahasang ginawa ng bandidong grupo!"
"1"," ANG PILIPINAS ANG UNANG THIRD WORLD BANSA NA NAGBUO NG SUBMARINE"
"1","1979 Iranian Revolution ibig sabihin hindi pinatay ni Marcos si Ninoy?"
"1"," Online Voting Now Open For The 2017 Malaca√±ang Babe"
"1"," Lacierda Kay Duterte: Wala sa Iyong mga Ipromptu na Talumpati ang Maaalala"
"0"," Mga empleyado ng POEA, recruiters, kumikita ng P250K mula sa raket ‚Äì Bello"
"1"," ANG PILIPINAS AY MAY UNANG RAINFOREST-THEMED LIGHT RAILWAY TRAIN (VIDEO)"
"0"," Ang 'Red October' ay nagbigay daan sa 'White December'"
"0"," Nagbukas ang LTO ng mga offsite kiosk para sa mga lisensya sa pagmamaneho"
"0"," Ang usapang pangkapayapaan ay nakasalalay sa 'sincerity' ng National Democratic Front"
"0"," Ang DSWD-6 ay nagpaabot ng mahigit P100-M na tulong sa mga residente, manggagawa sa Boracay"
"1"," CHICAGO VISIT: PRESIDENT AQUINO LEAVES THE US EMPTY-HANDED"
"0"," Maikling Balita: Setyembre 21, 2018"
"1"," Napatulala ang mga tagasuporta ni Leni Robredo sa 11 porsiyentong bumagsak sa trust ratings!"
"0"," Ang mga hacienda tulad ng Luisita ay dapat mauna sa pamamahagi ng libre, sabi ni solon"
"0"," Ipinagkibit-balikat ng Russian envoy ang mga babala sa PH arms deal"
"0"," Duterte na talakayin ang batas militar sa mga pangunahing miyembro ng Gabinete"
"0"," Ipinag-utos ni Gordon na palayain si Faeldon mula sa pagkakakulong"
"0"," Ang N. Korea ay nagsasagawa ng artillery drill habang ang US submarine ay gumagawa ng S. Korea port call"
"1"," MGA BOTIKA NG CVS NA TITIGIL SA PANINIGARILYO OCTOBER 1 (MAY UPDATE)"
"1"," WATCH:Number one drug lord sa Pilipinas, nakakulong na ‚Äì Alvarez announces"
"1"," CITING CANCER LINK, BAWAL NG USDA ANG BACON NA GINALING"
"1"," DONALD TRUMP TO TREVOR NOAH: 'IPAKITA MO ANG IYONG BIRTH CERTIFICATE'"
"0"," AMA subsidiary na sumali sa bidding para sa bagong telco"
"1"," Donald Trump: Kung Ako ay Nahalal na Pangulo, Makulong si Hillary At ang Kanyang mga Tagasuporta"
"1"," STELLA MARQUEZ ARANETA, NAGPANGALAN NG BAGONG COSTUME DESIGNER PARA SA MISS PHILIPPINES"
"1"," Nag-react ang pro-Duterte blogger na si Sass Sasot sa ulat ng mamamahayag na si Pia Ranada Robles: ‚ÄúNaglalathala ka ng pekeng impormasyon!‚Äù"
"1"," PANOORIN! VIDEO LEAKE! Ito Ang Ginawa ni Stephen Sackur Kay Trillanes Bago Siya Pinahiya sa Buong Mundo"
"0"," Ang mga pulis ng Negros ay babalik sa mga mother unit"
"0"," Mga unang araw ng digmaan, 1942"
"1"," Ang Manny Pacquiao Scandal ay muling binuhay ng LGBT community"
"0"," Ang mga guro sa pampublikong paaralan ay hindi kulang sa suweldo, sabi ni Briones"
"0"," Nagpaalam ang mga VIP, selfie crowd sa 'Iron Lady'"
"1"," Tatang Doro and President Rodrigo Duterte's ‚ÄúPut**gi*a mo!‚Äù"
"1"," BEST PICTURE NOMINEE 'BOYHOOD' AY MAKAKUHA NG 12 MINUTES SA OSCAR NIGHT"
"0"," Dahil sa pagiging radikal sa Mideast, sinira ng mga kapatid na Maute ang kanilang Christian school"
"0"," Pinalakas ng 237 bagong rekrut ang mga batalyon ng Army sa Mindanao"
"0"," Lacson: 'Korean mafia' role farfetched"
"1"," MGA FILAM SHIPPING COMPANIES SUSPENDIDO ANG BALIKBAYAN BOX SERVICE BILANG PAGTUTOL SA BAGONG REGULASYON SA CUSTOMS NG PILIPINAS"
"0"," Idiniin ni Leila ang pag-atake kay Aguirre dahil sa VIP treatment sa mga preso"
"0"," Nanawagan si Hontiveros para sa transparency sa pakikitungo ng PH sa China"
"0"," Maniwala ka man o hindi: Nagtatapos ang martsa ng Mendiola sa loob ng Palasyo"
"1"," Philippine blogging at social media noong panahon ni Pangulong Rodrigo Duterte"
"0"," Walang Duterte? Walang problema, sabi ni Koko Pimentel ng PDP-Laban"
"0"," Nagsagawa ng anti-terrorism exercise ang Bataan police"
"0"," Ang dating transport chief ay nahaharap sa paglilitis sa P4-B MRT maintenance deal"
"1"," PHILIPPINE PRESIDENTIAL HOPEFUL JEJOMAR BINAY PANGAKO NA IPALAPIT ANG GOBYERNO SA BAYAN."
"1"," Naririnig ng Facebook ang mga lihim na itinatago mo kapag nagsasalita ka sa iyong pagtulog"
"1"," DONALD TRUMP VS. BERNIE SANDERS: ISANG paligsahan sa pagpapataas ng buhok"
"0"," Kung hindi 'Kulot,' sino 'yan sa kabaong?"
"0"," Gusto ni Mangudadatu na imbestigahan ang pagpugot ng ulo sa 2 magsasaka"
"1"," Adobo Chronicles' Sing-Along With Julie Andrews"
"0"," PNP: 5 lalawigan ng Cordillera region na walang droga"
"1"," ANG YOUTUBE VIDEO AY NANGYAYARI SA KANDIDATO NG PRESIDENTIAL NG PILIPINAS na si MAR ROXAS"
"0"," Nagsisimula ang Ramadan nang walang putok"
"1"," Ang kanyang dating diehard supporter ay sumulat ng isang bukas na liham sa kanyang dating idolo na si Trillanes. Isang babala na dapat niyang seryosohin ito"
"0"," Nagbabala ang mutineer-turned-senator na ang galit sa publiko ay maaaring magdulot ng aksyong militar"
"0"," Ang reporter ng 'Times' ay nakakakuha pa rin ng mga banta sa kamatayan"
"0"," Binubuksan ng DENR ang mga protektadong lugar sa espesyal na pribadong paggamit"
"1"," ANG BIRD FLU EPIDEMIC SA AMIN, NAG-UUSOT SA MGA ESTADO NA DUMAGDAG NG BALUT IMPORTS MULA SA PILIPINAS"
"1"," Ibinunyag ni Sec Aguirre si dating Senador Jamby Madrigal sa likod ng P100-M na suhol kapalit ng pag-withdraw ng pahayag laban kay De Lima"
"1"," Nasaan Sa Mundo si Jim Paredes?"
"1"," cream at scum: Alin ang pinakamahusay na naglalarawan sa mga opisyal ng gobyerno ng #Philippine?"
"1"," Malaca√±ang Magbibigay ng Libreng Payong Sa September 21 Rallyists"
"1"," Leni Robredo ay isang ticking time bomb na itinanim ng Liberal Party"
"1"," Bakit napakatanga ng mga Pilipino kapag nasa likod ng manibela ng sasakyan?"
"0"," 80% ng mga Pilipino ay nasisiyahan sa demokrasya"
"0","De Lima: Probe gov't housing evictions"
"0"," Red tide na nagiging sanhi ng pag-surf sa mga bahagi ng California"
"1"," PHILIPPINE PRESIDENT AQUINO SANHI NG TRAFFIC BANGUNGOT SA HAIGHT-ASHBURY NG SAN FRANCISCO"
"1"," Panahon na para managot ang mga mamamahayag na Pilipino sa pinsalang idinudulot nila!"
"0"," 4 na bansa sa Europe ang tinutukan ng OFW destinations"
"1"," Hindi interesado si Inday Sara Duterte na maging First Lady"
"1"," ITINALAGA NI OBAMA SI JEREMY LIN BILANG US AMBASSADOR SA CHINA"
"0"," Sinibak ng PNP ang 16 na chief of police dahil sa pagsusugal"
"1"," SI IMELDA MARCOS ANG MGA MAY-AKDA NG HINDI PA NAUNANG PHILIPPINE HUMAN RIGHTS BILL"
"1"," Ay oo? Ang mga #Filipino illegal alien sa Estados Unidos ay dapat na mag-f--k out pagkatapos!"
"1"," Iiwan na lang ba natin ang Opposition to the Yellowtards para tumakbo?"
"1"," Hinimok ng Vatican ang mga Katoliko sa Mundo na Laktawan ang Araw ng mga Puso Ngayong Taon"
"0"," Inayos muli ng SC ang 3 dibisyon nito"
"0"," Inutusan ni Duterte ang mga ahensya na sagutin ang kahilingan ng publiko sa loob ng 15 araw"
"0"," Hinimok ni Duterte na palayain ang mga 'overstaying' inmates"
"1"," Ayaw ng mga Pilipino ng mas magandang bansa #scrappork #porkbarrel"
"0"," NBI naghain ng plunder raps laban sa mga dating opisyal ng gobyerno"
"1"," Arestado ang ‚ÄúTawag ng Tanghalan‚Äù Champion na si Noven Belleza dahil sa panggagahasa umano sa isa pang performer"
"0"," Ikinalulungkot ng Kadamay ang banta ng Pangulo na sasaktan ang mga miyembro nito"
"1"," HAWAII NA MAG-Aangkat ng WHITE SAND MULA SA PILIPINAS UPANG MAISIGTAS ANG WAIKIKI BEACH"
"1"," Ipinapakita ng website ang koneksyon ni VP Robredo sa isang umano'y pinakamalaking drug lord sa Naga"
"0"," 22 early birds ang gustong tumira sa Palasyo ng Malaca√±ang"
"0"," Inilunsad ang 'Carless weekend' sa F. Ortigas Road"
"1"," JOLLIBEE NANGUNGUNANG LISTAHAN NG MGA CHAIN RESTAURANT NA HINDI NARINIG NG MGA AMERIKANO"
"1"," Potensyal na Suspek: Sino ang nagbomba sa Davao City?"
"0"," Itigil ang 'destabilizer' na pakana laban kay Duterte"
"0"," Ang proyektong revetment ng Bicol River na pinondohan ni Robredo ay gumuho"
"0"," Kasuklam-suklam ang panukalang 'no-el' na nagbabantay sa halalan"
"0"," Binago ng DOTC ang mga panuntunan sa paghawak ng bagahe dahil sa 'tanim-bala'"
"1"," 'LODI' Grupo Ng Mga Artista, Manunulat, Mamamahayag at Media Workers Inakusahan Ng Plagiarism"
"0"," Pinuri ng Korea ang Samar road project"
"1"," Premyong Nobel Naghihintay kay Senador Antonio Trillanes ng Pilipinas?"
"1"," Pinangalanan ni Duterte ang mga Heneral na nagpoprotekta sa mga Drug Lord"
"0"," BIR: Mighty pekeng sariling tax stamps"
"1"," ""THOR"" GAY VERSION, BUKAS SA CHINA"
"0"," Nangako si Trump ng mas mabuting relasyon sa Russia, tiniyak ang mga kaalyado ng NATO"
"0"," Karera ng Afp para iligtas ang hostage ng Aleman"
"1"," WALANG NAGSABI KAY KIM JONG-UN NG NORTH KOREA NA ANG HAWAII AT ALASKA AY BAHAGI NG US"
"0"," Pinagalitan ng amo ang transport exec dahil sa 'illegal' na pagsakay sa motor"
"1"," Dapat maglabas ng ultimatum ang gobyerno ng #Philippines sa mga #SAF44 killers!"
"0"," Walang bagyo, ngunit ang pag-ulan sa umaga ay paralisado ang kalahati ng kapital"
"0"," Labor group na tutulan ang pagtaas ng kontribusyon sa SSS"
"1"," Kinasuhan ng Chihuahua ang Las Vegas Hotel Para sa Mga Mapanlinlang na Singilin"
"0"," Mga eksperto sa kalusugan ng Pilipino na gumagawa ng dengue test kit"
"1"," Isang Pinaghalong Protesta Sa St. Scholastica's Academy"
"0","Dynamic duo: Twins top Bacolod college graduates"
"0"," 35 umano'y biktima, residente ng mga barangay, humingi ng proteksyon sa SC"
"1"," WATCH: Cayetano dares Trillanes"
"0"," Ecija judge para makuha ang deposition ni Veloso"
"0"," Nangako si Sona: Napabuti ba ni Aquino ang kadalian ng pagnenegosyo?"
"1"," Gustong Bumaba ni VP Leni Robredo ng Pilipinas Upang Ituloy ang Career sa Pagmomodelo"
"0"," Sinira ni Ceza ang gambling duopoly, kinansela ang mga permit ng 164 BPO firms"
"0"," Ang mga repatriated na manggagawa ay makakakuha ng $100 sa pagdating"
"1"," Tingnan mo! Hindi lisensiyado si Sabio na magpraktis sa ICC, sabi ng eksperto sa batas sa kriminal na int'l"
"0"," Duterte: Economy in the doldrums"
"1"," PAO Chief Acosta emotionally denies pattern on killings: ‚ÄúKawawa naman ang mga pulis na handang ibuwis ang buhay para sa inang bayan, parang nalalahat na sila‚Äù"
"0"," Ipinagpaliban ni Duterte ang pagtanggal sa appointee"
"0"," Villar, naghahanap ng imbestigasyon sa 'cartel' ng bawang"
"1"," Isang Bukas na Liham Kay Jover Laurio AKA Pinoy Ako Blog"
"1"," DONALD TRUMP NA ISINASALANG ANG PILIPINAS BILANG SITE PARA SA 2016 MISS UNIVERSE PAGEANT"
"1"," #CocoyGate: Senator Sotto, narito na ang lalaking hinahanap mo"
"0"," Isang 'source of strength' para kay Aquino at sa bansa"
"0"," OFW ID na sasailalim sa 3-month pilot run"
"0"," Dumating sa PH ang refurbished BRP Andres Bonifacio"
"0"," Nagsisimulang gumulong ang bola para sa pederal na sistema"
"1"," Ang pag-endorso ni De Lima sa ""hit man"" na si Edgar Matobato ay nagpapatuloy sa kabila ng pagpapatalsik sa Senate Justice Committee"
"0"," 'Sige, demonstrasyon laban kay Marcos burial sa Libingan'"
"0"," Magpapakita kaya si Duterte sa Edsa commemorative rites?"
"0"," 6 na pulis ang sinibak matapos ang jailbreak"
"0"," WHAT WENT BEFORE: 2007 Batasan bombing"
"1"," SARA DUTERTE: NATATAKOT AKO SA AMA KO"
"1"," Ang Eroplano ng Philippine Air Lines ay Umalis sa Honolulu Sa Oras, Makalipas ang Isang Taon Sa Maynila!"
"1"," Pananaw ni #Onyok: Sa huli, ang NARARAMDAMAN ng #Pilipino kay #PNoy ang gagawa o sisira sa kanyang administrasyon"
"1"," Ang Kandidato sa Pangulo ng Pilipinas na si Mar Roxas ay nagdagdag ng Isa pang Balahibo sa Kanyang Cap"
"1"," Greco Belgica kakasohan si Sen Trillanes dahil sa pagtanggap niya ng DAP noon kay Noynoy"
"1","Huhukayin ulit? Pangilinan says Marcos won't be buried in Libingan ng mga Bayani FOREVER"
"0"," Binay ang panibagong pagsisiyasat sa katiwalian ng katawan ng Senado"
"1","SONY PICTURES NA IBABAW ANG 'THE INTERVIEW' DISYEMBRE 25"
"1"," AGOT ISIDRO TO DUTERTE: MAY KILALA AKONG PSYCHIATRIST. PATINGIN KA. ISA KA PSYCHOPATH!"
"1"," Pagbabago ng Klima: Habang Bumababa ang Temperatura Upang Magtala ng Mga Antas, Nagsisimulang Gumagawa ng Kakaiba ang Mga Halaman ng Baguio"
"0"," Mga de-kuryenteng tricycle, gagawing legal sa Davao City"
"0"," De Lima: Kulungan, hindi Cabinet post para sa Cam"
"1"," Nakatakdang ibalik ni Mahathir Mohamad ang Malaysia sa isang TUNAY na bansa sa timog-silangang Asya!"
"0"," Iminungkahing NATL ID para palawakin ang CCT program"
"1"," Ang Pagbabago ng Puso ng China sa West Philippine Sea: Sumasang-ayon na Bawasan ang Nine-Dash Line Nito"
"1"," Dating US VICE PRESIDENT DICK CHENEY, handang harapin ang WAR CRIME CHARGES"
"0"," Pinangunahan ni Aquino ang kanyang huling seremonya sa Araw ng Rizal habang umaalingawngaw ang mga PAF jet sa itaas"
"0"," Senator: Iligtas ang Pilipinas sa 'debt trap'"
"0"," Hindi nabigla si Aquino sa nalalapit na anunsyo ni Poe ng kandidatura sa pagkapangulo"
"0","Umuwi si LJM sa Inquirer sa huling pagkakataon"
"1"," DONALD TRUMP INILABAS ANG UNIVISION ANCHOR MULA SA PRESS CONFERENCE, SINABI NIYA AY SUMUSUNOD LANG SA HALIMBAWA NI OBAMA"
"0"," Ang pagbabago ng klima ngayon ay isang simpleng pagpili sa pagitan ng kung ano ang tama at mali, sabi ni Gore"
"0"," Zambales na naghahanda para sa pagsulong ng turismo"
"0"," Kinumpirma ni Macalintal ang pagtakbo sa Senado"
"1"," Ang Pinoy Ako Blogger na si Jover Laurio ay ipinagtanggol si Cebu City Mayor Tommy Osmena Illegal Drugs Accusation"
"1"," ANG BAGONG GOP PRESIDENTIAL DEBATE FORMAT NI BEN CARSON"
"0"," Ang sibilyan na 'Suicide Squad' ay napagmamalaki ng Moro sa pagliligtas ng buhay sa Marawi"
"0","Sonia Gandhi: Kapangyarihan sa likod ng trono ng Kongreso"
"0"," Duterte: If elected, I will release Gloria Macapagal-Arroyo"
"0"," Nangako si Sona: Binawasan ba ni Aquino ng kalahati ang poverty incidence?"
"1"," LOOK: Listahan ng mga senador na bumoto ng OO at HINDI para sa Martial Law sa Mindanao"
"0"," Sinusundan ng BoC ang contractor ng Philippine Arena"
"0"," BUONG TEKSTO: Nakilala ni Aquino ang Inquirer Multimedia; tackles INC, love life, iba pa"
"0"," Public Works, Energy para mapabilis ang mga infra projects"
"0"," Ang dating pulis ay humihingi ng hustisya para sa pinaslang na anak"
"0"," Walang kapangyarihan ang Malaca√±ang na disiplinahin ang Ombudsman, sabi ni Pimentel"
"1"," WATCH: Ipinaliwanag ng international artist na si Arnel Pineda sa international media kung bakit niya sinusuportahan si Pangulong Duterte"
"0"," Pag-save ng mga pagong sa pamamagitan ng pag-save ng kanilang mga pugad na lugar"
"0"," Inamin ni Duterte ang pananampal sa ilalim ng mga babaeng pulis"
"0"," PH na tinta ang deal sa Israel, Jordan"
"1"," BREAKING: HILLARY CLINTON AY UMAMIN KAY BERNIE SANDERS!"
"0"," Nagkakaroon ng wake-up call ang mga pari kumpara sa mga sermon na pampatulog"
"1"," PORK BARREL AFTERMATH: PHILIPPINE NEWSPAPER MAGP-PUBLISH NG HINDI PA NAMARAANG TATLONG EDISYON ARAW-ARAW"
"1"," Ibinunyag: Ang 'Princess' Role ni Kris Aquino sa Hollywood Film, ‚ÄúCrazy Rich Asians‚Äù"
"0"," Palasyo: De Lima kaso criminal in nature"
"1"," Mapanganib na lohika sa depensa ni #PNoy sa #DAP noong Lunes ay isang 'flashpoint' na maaaring 'makabuo o makasira' sa #Pilipinas!"
"0"," Prosecutor ng BoC fixer na ngayon ay huwes ng Lucena City"
"1"," BASAHIN: Carandang suspension dahil sa matinding kawalan ng katapatan at pagsisiwalat ng maling impormasyon"
"0"," Nagbitiw ang punong irigasyon sa gitna ng amoy ng katiwalian"
"1"," Sa Pag-asam ng Pagtagumpay kay Duterte, Pinili ni Leni Robredo ang Isang All-Women Cabinet"
"1"," WATCH: Muling nakasagupa ni Delima si Gordon sa Senate Hall"
"0"," Nangibabaw ang kaligtasan sa pulitika sa tinamaan ng kahirapan sa bayan ng California"
"0"," ADB: 7 lungsod sa PH na pinaka-bulnerable sa pagbaha"
"1"," Adobo Chronicles, Pinagbawalan ang Rappler Mula sa Live Coverage Ng Lunes sa Senate Hearing Sa 2016 Electoral Fraud"
"1"," Ang #Philippine #tax regime ay nagsisiguro na ang gitnang uri ay nagbibigay ng subsidyo sa mahihirap at mayaman"
"1"," Mocha Uson Pumaputok Bumalik, Hinamon Kris Aquino Sa Mud Wrestling"
"0"," Palasyo sa bagong hepe ng BOC: Matuto sa 'pagkakamali' ng mga nauna"
"1"," Ang mga magsasaka at pulis ng Kidapawan ay biktima ng propaganda war sa pagitan ni PNoy gov't at ng mga kalaban nito"
"0"," Ramos' remark on Duterte fatherly advice, says Palace"
"1"," PRESIDENTE NG PILIPINAS NGAYON HAWAK NA ANG GUINNESS WORLD RECORD PARA SA PINAKAMAHABANG SONA"
"1"," Ph schools na nagtuturo kay Aquino ng 'kabayanihan' bilang bahagi ng asignaturang History"
"1"," MUST SEE: Pauleen Luna and Vic Sotto's new home in Laguna!"
"0"," Ang UltraLotto 6/58 jackpot ay umabot sa P954.5 M, ngunit mas mataas ang stakes sa Martes"
"1"," 99% Ng mga Pinoy ay Sumusuporta sa Imbitasyon ng Senado kay Bong Go In Connection With Philippine Warships Deal Hearing"
"1"," Ang #Philippines' prioritization ng pampublikong #education ay isang ilusyon lamang"
"1"," MANNY PACQUIAO INIHULI ANG IMBITAYON NG PHILIPPINE VICE PRESIDENT NA MAGING RUNNING MATE"
"0"," 'Walang dahilan para magdeklara ng rebolusyonaryong gobyerno'"
"1"," MISS PHILIPPINES'S TUNTING EVENING GOWN PARA SA MISS UNIVERSE PAGEANT NGAYONG TAONG"
"0"," 6 na kidnap victims ang nailigtas sa Sulu"
"1"," Ang mga pahayag ni Leila de Lima sa kanyang panayam sa CNN ay hindi patas sa pulisya ng Pilipinas"
"1"," PANOORIN! SOBRANG NAKAKAIYAK DUTERTE PAPUNTA NA SA MARAWI CITY MAGHAHATID NG TULONG!"
"1"," PARA KAY RODRIGO DUTERTE, THE DIE IS CAST; PARA KAY MAR ROXAS, TUYO ANG TINA"
"1"," Ibinunyag ng aktor na si Dingdong Dantes kung bakit siya huminto sa administrasyong Aquino"
"0"," Espenido, 2 pang pulis na kinasuhan ng homicide"
"1"," KUMPIRMADO: Mahigit 10,000 Kontraktwal na Manggagawa ang Na-regular sa ilalim ni Duterte Admin sa kanyang unang 100 Araw!"
"1"," Sarah Palin: ""Bumoto Ako Kay Hillary"""
"0"," Inaprubahan ng PH, Israel ang deal sa energy exploration"
"0"," AFP, House, CHR para imbestigahan ang pagpatay sa 7 Tausug"
"1"," Tinawag ng sundalo ang kanyang ama, ‚ÄúPa, Ipagdasal mo ako‚Äù bago siya natamaan"
"0"," Handa ang DFA sa gitna ng namumuong tensyon sa Middle East"
"0"," Si Pacquiao ay tumakbo sa Senado sa ilalim ng partido ni Binay"
"1"," Senator Leila De Lima Kay New House Speaker Gloria Macapagal Arroyo: Please Help Me Seeking Medical Attention Abroad"
"0"," Tumataas ang mga tawag para sa pagpawi ng NFA"
"1","Puro usap-usapan ang mga kritiko sa war on drugs ni Duterte ngunit walang alternatibong solusyon sa paglutas sa problema sa droga"
"1"," Ang Tunay na Dahilan Kung Bakit Sinampal ni Nadine Lustre ang Bisig ng Fan"
"0"," Pulis, court worker na iniulat na napatay sa car bomb sa Izmir ng Turkey"
"0"," Ang BI ay may sapat na tauhan sa paliparan para sa mga papaalis na pasahero"
"0"," Ang mga gumuhong seawall ng Aparri ay inayos upang protektahan ang 2,000 residente"
"1"," Sa First Time Ever, Obserbahan ng Pilipinas ang Daylight Saving Time"
"0","Gov't naghahanap ng 'happy compromise' sa MNLF ‚Äì Duterte"
"1","Military sniper kills the Maute sniper who killed his 'kumpare': ‚ÄúNakaisa na ako para sa iyo, pare‚Äù"
"1"," Lokal, Internasyonal na Balitang Media na Muling Nag-imbento ng Sarili"
"1"," ANG SECRET MEETING NI BARACK OBAMA KAY KIM JONG-UN"
"1"," Ang Babaeng Buwis ng Pilipinas ay Nakatutok sa Miss Universe Crown ni Pia Alonzo Wurtzbach"
"0"," Tinutulan ng pulisya ng Quezon City ang CHR sa paggamit ng mga drop box"
"1"," SINIRA NG BAGONG AKLAT NI JOAN RIVERS ANG LAHAT NG MGA RECORD NG BEST SELLER"
"1"," Hinihimok ng lider ng youth group ang gobyerno na arestuhin at tanggalin ang mga militanteng estudyante sa libreng edukasyon"
"1"," Kung Mahalal na Pangulo ng Pilipinas, Isusubasta ni Duterte ang Spratly Islands Sa China"
"0"," Malapit nang lumabas ang mga alituntunin sa pag-deploy ng Kuwait"
